order_id,order_date,region,product,category,quantity,unit_price,sales,profit
1,2026-04-01,Hyderabad,Face Wash,Personal Care,3,333.33,1000.0,220.0
2,2026-05-02,HYDERABAD,Triphala Tablets,Ayurveda,5,232.0,1160.0,232.0
3,2026-06-03,Hyderabad,Face Wash,Personal Care,2,700.0,1400.0,308.0
4,2026-04-04, warangal,Chyawanprash,Ayurveda,4,250.0,1000.0,200.0
5,2026-05-05,Warangal,Chyawanprash,Ayurveda,4,195.0,780.0,156.0
6,2026-06-06, warangal,Glucometer,Medical Devices,2,330.0,660.0,105.6
7,2026-04-07,Vijayawada,Paracetamol 500mg,Medicines,5,200.0,1000.0,140.0
8,2026-05-08,VIJAYAWADA,Cetirizine 10mg,Medicines,1,1020.0,1020.0,142.8
9,2026-06-09,Vijayawada,Vitamin C Tablets,Wellness,1,900.0,900.0,225.0
10,2026-04-10,Vizag,Glucometer,Medical Devices,1,1000.0,1000.0,160.0
11,2026-05-11,Visakhapatnam,Ashwagandha Capsules,Ayurveda,3,126.67,380.0,76.0
12,2026-06-12,Vizag,Baby Diapers,Baby Care,4,190.0,760.0,136.8
13,2026-04-13,Guntur,Baby Shampoo,Baby Care,3,333.33,1000.0,180.0
14,2026-05-14,GUNTUR,Protein Powder,Wellness,4,555.48,2221.9,555.48
15,2026-06-15,Guntur,Triphala Tablets,Ayurveda,1,1596.5,1596.5,319.3
16,2026-04-16, nellore,Multivitamin Tablets,Wellness,1,1000.0,1000.0,250.0
17,2026-05-17,Nellore,Chyawanprash,Ayurveda,5,212.0,1060.0,
18,2026-06-18, nellore,Vitamin C Tablets,Wellness,3,366.67,1100.0,275.0
19,2026-04-19,Tirupati,Glucometer,Medical Devices,2,500.0,1000.0,160.0
20,2026-05-20,Tirupati,Vitamin C Tablets,Wellness,1,1670.0,1670.0,417.5
21,2026-06-21,Tirupati,Protein Powder,Wellness,3,463.33,1390.0,347.5
22,2026-04-22,Karimnagar,Glucometer,Medical Devices,4,250.0,1000.0,160.0
23,2026-05-23,Karimnagar,Cetirizine 10mg,Medicines,4,310.0,1240.0,173.6
24,2026-06-24,Karimnagar,Chyawanprash,Ayurveda,4,172.5,690.0,138.0
25,2026-04-25,Bengaluru,Face Wash,Personal Care,4,250.0,1000.0,220.0
26,2026-05-26,Bangalore,Triphala Tablets,Ayurveda,5,170.0,850.0,170.0
27,2026-06-27,Bengaluru,Ashwagandha Capsules,Ayurveda,4,210.0,840.0,168.0
28,2026-04-28,HYDERABAD,Triphala Tablets,Ayurveda,3,333.33,1000.0,200.0
29,2026-05-01,Hyderabad,Digital Thermometer,Medical Devices,5,232.0,1160.0,185.6
30,2026-06-02,HYDERABAD,Ashwagandha Capsules,Ayurveda,5,280.0,1400.0,280.0
31,2026-04-03,Warangal,Triphala Tablets,Ayurveda,1,1000.0,1000.0,200.0
32,2026-05-04, warangal,Baby Lotion,Baby Care,2,390.0,780.0,140.4
33,2026-06-05,Warangal,Azithromycin 500mg,Medicines,5,132.0,660.0,92.4
34,2026-04-06,VIJAYAWADA,Face Wash,Personal Care,5,200.0,1000.0,
35,2026-05-07,Vijayawada,Digital Thermometer,Medical Devices,4,255.0,1020.0,163.2
36,2026-06-08,VIJAYAWADA,Shampoo,Personal Care,4,225.0,900.0,198.0
37,2026-04-09,Visakhapatnam,Baby Lotion,Baby Care,1,1000.0,1000.0,180.0
38,2026-05-10,Vizag,Glucometer,Medical Devices,4,95.0,380.0,60.8
39,2026-06-11,Visakhapatnam,Chyawanprash,Ayurveda,3,253.33,760.0,152.0
40,2026-04-12,GUNTUR,Chyawanprash,Ayurveda,4,250.0,1000.0,200.0
41,2026-05-13,Guntur,Vitamin C Tablets,Wellness,5,444.38,2221.9,555.48
42,2026-06-14,GUNTUR,Triphala Tablets,Ayurveda,4,399.12,1596.5,319.3
43,2026-04-15,Nellore,Blood Pressure Monitor,Medical Devices,4,250.0,1000.0,160.0
44,2026-05-16, nellore,Baby Diapers,Baby Care,3,353.33,1060.0,190.8
45,2026-06-17,Nellore,Baby Shampoo,Baby Care,1,1100.0,1100.0,198.0
46,2026-04-18,Tirupati,Azithromycin 500mg,Medicines,2,500.0,1000.0,140.0
47,2026-05-19,Tirupati,Glucometer,Medical Devices,5,334.0,1670.0,267.2
48,2026-06-20,Tirupati,Ashwagandha Capsules,Ayurveda,3,463.33,1390.0,278.0
49,2026-04-21,Karimnagar,Baby Diapers,Baby Care,3,333.33,1000.0,180.0
50,2026-05-22,Karimnagar,Ashwagandha Capsules,Ayurveda,4,310.0,1240.0,248.0
51,2026-06-23,Karimnagar,Triphala Tablets,Ayurveda,4,172.5,690.0,138.0
52,2026-04-24,Bangalore,Digital Thermometer,Medical Devices,5,200.0,1000.0,160.0
53,2026-05-25,Bengaluru,Azithromycin 500mg,Medicines,3,283.33,850.0,119.0
54,2026-06-26,Bangalore,Multivitamin Tablets,Wellness,4,210.0,840.0,210.0
55,2026-04-27,Hyderabad,Face Wash,Personal Care,4,250.0,1000.0,220.0
56,2026-05-28,HYDERABAD,Triphala Tablets,,3,386.67,1160.0,232.0
57,2026-06-01,Hyderabad,Glucometer,Medical Devices,2,700.0,1400.0,224.0
58,2026-04-02, warangal,Digital Thermometer,Medical Devices,4,250.0,1000.0,160.0
59,2026-05-03,Warangal,Cetirizine 10mg,Medicines,3,260.0,780.0,
60,2026-06-04, warangal,Ashwagandha Capsules,Ayurveda,3,220.0,660.0,132.0
61,2026-04-05,Vijayawada,Face Wash,Personal Care,2,500.0,1000.0,220.0
62,2026-05-06,VIJAYAWADA,Digital Thermometer,Medical Devices,2,510.0,1020.0,163.2
63,2026-06-07,Vijayawada,Glucometer,Medical Devices,1,900.0,900.0,144.0
64,2026-04-08,Vizag,Cetirizine 10mg,Medicines,1,1000.0,1000.0,140.0
65,2026-05-09,Visakhapatnam,Glucometer,Medical Devices,5,76.0,380.0,60.8
66,2026-06-10,Vizag,Chyawanprash,Ayurveda,1,760.0,760.0,152.0
67,2026-04-11,Guntur,Baby Diapers,,2,500.0,1000.0,180.0
68,2026-05-12,GUNTUR,Face Wash,Personal Care,5,444.38,2221.9,488.82
69,2026-06-13,Guntur,Azithromycin 500mg,Medicines,5,319.3,1596.5,223.51
70,2026-04-14, nellore,Baby Shampoo,Baby Care,3,333.33,1000.0,180.0
71,2026-05-15,Nellore,Shampoo,Personal Care,1,1060.0,1060.0,233.2
72,2026-06-16, nellore,Multivitamin Tablets,Wellness,5,220.0,1100.0,275.0
73,2026-04-17,Tirupati,Ashwagandha Capsules,Ayurveda,2,500.0,1000.0,200.0
74,2026-05-18,Tirupati,Chyawanprash,Ayurveda,2,835.0,1670.0,334.0
75,2026-06-19,Tirupati,Ashwagandha Capsules,Ayurveda,5,278.0,1390.0,278.0
76,2026-04-20,Karimnagar,Shampoo,Personal Care,5,200.0,1000.0,220.0
77,2026-05-21,Karimnagar,Triphala Tablets,Ayurveda,3,413.33,1240.0,248.0
78,2026-06-22,Karimnagar,Cetirizine 10mg,Medicines,4,172.5,690.0,96.6
79,2026-04-23,Bengaluru,Moisturizer,Personal Care,2,500.0,1000.0,220.0
80,2026-05-24,Bangalore,Vitamin C Tablets,Wellness,5,170.0,850.0,212.5
81,2026-06-25,Bengaluru,Digital Thermometer,Medical Devices,4,210.0,840.0,134.4
82,2026-04-26,HYDERABAD,Shampoo,Personal Care,5,200.0,1000.0,220.0
83,2026-05-27,Hyderabad,Baby Diapers,Baby Care,4,290.0,1160.0,208.8
84,2026-06-28,HYDERABAD,Paracetamol 500mg,Medicines,1,1400.0,1400.0,196.0
85,2026-04-01,Warangal,Blood Pressure Monitor,Medical Devices,1,1000.0,1000.0,160.0
86,2026-05-02, warangal,Azithromycin 500mg,Medicines,3,260.0,780.0,109.2
87,2026-06-03,Warangal,Protein Powder,Wellness,1,660.0,660.0,165.0
88,2026-04-04,VIJAYAWADA,Paracetamol 500mg,Medicines,5,200.0,1000.0,140.0
89,2026-05-05,Vijayawada,Ashwagandha Capsules,Ayurveda,3,340.0,1020.0,204.0
90,2026-06-06,VIJAYAWADA,Vitamin C Tablets,Wellness,4,225.0,900.0,225.0
91,2026-04-07,Visakhapatnam,Multivitamin Tablets,Wellness,1,1000.0,1000.0,250.0
92,2026-05-08,Vizag,Ashwagandha Capsules,Ayurveda,4,95.0,380.0,76.0
93,2026-06-09,Visakhapatnam,Moisturizer,Personal Care,2,380.0,760.0,167.2
94,2026-04-10,GUNTUR,Triphala Tablets,Ayurveda,2,500.0,1000.0,200.0
95,2026-05-11,Guntur,Digital Thermometer,Medical Devices,5,444.38,2221.9,355.5
96,2026-06-12,GUNTUR,Multivitamin Tablets,Wellness,4,399.12,1596.5,399.12
97,2026-04-13,Nellore,Baby Lotion,Baby Care,1,1000.0,1000.0,180.0
98,2026-05-14, nellore,Chyawanprash,Ayurveda,4,265.0,1060.0,212.0
99,2026-06-15,Nellore,Azithromycin 500mg,Medicines,2,550.0,1100.0,154.0
100,2026-04-16,Tirupati,Moisturizer,Personal Care,1,1000.0,1000.0,220.0
101,2026-05-17,Tirupati,Chyawanprash,Ayurveda,1,1670.0,1670.0,334.0
102,2026-06-18,Tirupati,Glucometer,Medical Devices,2,695.0,1390.0,222.4
103,2026-04-19,Karimnagar,Ashwagandha Capsules,Ayurveda,1,1000.0,1000.0,200.0
104,2026-05-20,Karimnagar,Shampoo,Personal Care,5,248.0,1240.0,272.8
105,2026-06-21,Karimnagar,Baby Diapers,Baby Care,5,138.0,690.0,124.2
106,2026-04-22,Bangalore,Shampoo,Personal Care,2,500.0,1000.0,220.0
107,2026-05-23,Bengaluru,Moisturizer,Personal Care,4,212.5,850.0,187.0
108,2026-06-24,Bangalore,Baby Shampoo,Baby Care,4,210.0,840.0,151.2
109,2026-04-25,Hyderabad,Chyawanprash,Ayurveda,4,250.0,1000.0,200.0
110,2026-05-26,HYDERABAD,Cetirizine 10mg,Medicines,4,290.0,1160.0,162.4
111,2026-06-27,Hyderabad,Vitamin C Tablets,Wellness,2,700.0,1400.0,350.0
112,2026-04-28, warangal,Protein Powder,Wellness,2,500.0,1000.0,250.0
113,2026-05-01,Warangal,Baby Shampoo,Baby Care,4,195.0,780.0,140.4
114,2026-06-02, warangal,Ashwagandha Capsules,Ayurveda,4,165.0,660.0,132.0
115,2026-04-03,Vijayawada,Vitamin C Tablets,Wellness,4,250.0,1000.0,250.0
116,2026-05-04,VIJAYAWADA,Moisturizer,Personal Care,3,340.0,1020.0,224.4
117,2026-06-05,Vijayawada,Triphala Tablets,Ayurveda,4,225.0,900.0,180.0
118,2026-04-06,Vizag,Glucometer,Medical Devices,1,1000.0,1000.0,160.0
119,2026-05-07,Visakhapatnam,Triphala Tablets,Ayurveda,5,76.0,380.0,76.0
120,2026-06-08,Vizag,Baby Shampoo,Baby Care,1,760.0,760.0,136.8
121,2026-04-09,Guntur,Baby Diapers,Baby Care,2,500.0,1000.0,180.0
122,2026-05-10,GUNTUR,Paracetamol 500mg,Medicines,1,2221.9,2221.9,311.07
123,2026-06-11,Guntur,Glucometer,Medical Devices,3,532.17,1596.5,255.44
124,2026-04-12, nellore,Digital Thermometer,Medical Devices,5,200.0,1000.0,160.0
125,2026-05-13,Nellore,Moisturizer,Personal Care,1,1060.0,1060.0,233.2
126,2026-06-14, nellore,Protein Powder,Wellness,2,550.0,1100.0,275.0
127,2026-04-15,Tirupati,Protein Powder,Wellness,5,200.0,1000.0,250.0
128,2026-05-16,Tirupati,Chyawanprash,Ayurveda,2,835.0,1670.0,334.0
129,2026-06-17,Tirupati,Face Wash,Personal Care,5,278.0,1390.0,305.8
130,2026-04-18,Karimnagar,Baby Shampoo,Baby Care,5,200.0,1000.0,180.0
131,2026-05-19,Karimnagar,Baby Diapers,Baby Care,5,248.0,1240.0,223.2
132,2026-06-20,Karimnagar,Vitamin C Tablets,,5,138.0,690.0,172.5
133,2026-04-21,Bengaluru,Baby Shampoo,Baby Care,5,200.0,1000.0,180.0
134,2026-05-22,Bangalore,Shampoo,Personal Care,1,850.0,850.0,187.0
135,2026-06-23,Bengaluru,Baby Shampoo,Baby Care,1,840.0,840.0,151.2
136,2026-04-24,HYDERABAD,Digital Thermometer,Medical Devices,2,500.0,1000.0,160.0
137,2026-05-25,Hyderabad,Face Wash,Personal Care,1,1160.0,1160.0,255.2
138,2026-06-26,HYDERABAD,Protein Powder,Wellness,2,700.0,1400.0,350.0
139,2026-04-27,Warangal,Face Wash,Personal Care,5,200.0,1000.0,220.0
140,2026-05-28, warangal,Multivitamin Tablets,Wellness,3,260.0,780.0,
141,2026-06-01,Warangal,Cetirizine 10mg,Medicines,3,220.0,660.0,92.4
142,2026-04-02,VIJAYAWADA,Multivitamin Tablets,Wellness,2,500.0,1000.0,250.0
143,2026-05-03,Vijayawada,Baby Shampoo,Baby Care,3,340.0,1020.0,183.6
144,2026-06-04,VIJAYAWADA,Cetirizine 10mg,Medicines,1,900.0,900.0,126.0
145,2026-04-05,Visakhapatnam,Digital Thermometer,Medical Devices,3,333.33,1000.0,160.0
146,2026-05-06,Vizag,Digital Thermometer,Medical Devices,1,380.0,380.0,60.8
147,2026-06-07,Visakhapatnam,Azithromycin 500mg,Medicines,1,760.0,760.0,106.4
148,2026-04-08,GUNTUR,Baby Lotion,Baby Care,1,1000.0,1000.0,180.0
149,2026-05-09,Guntur,Vitamin C Tablets,Wellness,1,2221.9,2221.9,555.48
150,2026-06-10,GUNTUR,Face Wash,Personal Care,5,319.3,1596.5,351.23
151,2026-04-11,Nellore,Protein Powder,Wellness,3,333.33,1000.0,250.0
152,2026-05-12, nellore,Glucometer,Medical Devices,5,212.0,1060.0,169.6
153,2026-06-13,Nellore,Azithromycin 500mg,Medicines,4,275.0,1100.0,154.0
154,2026-04-14,Tirupati,Multivitamin Tablets,Wellness,5,200.0,1000.0,250.0
155,2026-05-15,Tirupati,Baby Diapers,Baby Care,5,334.0,1670.0,300.6
156,2026-06-16,Tirupati,Glucometer,Medical Devices,4,347.5,1390.0,222.4
157,2026-04-17,Karimnagar,Face Wash,Personal Care,3,333.33,1000.0,220.0
158,2026-05-18,Karimnagar,Triphala Tablets,Ayurveda,3,413.33,1240.0,248.0
159,2026-06-19,Karimnagar,Blood Pressure Monitor,Medical Devices,3,230.0,690.0,110.4
160,2026-04-20,Bangalore,Protein Powder,Wellness,1,1000.0,1000.0,250.0
161,2026-05-21,Bengaluru,Digital Thermometer,Medical Devices,1,850.0,850.0,136.0
162,2026-06-22,Bangalore,Vitamin C Tablets,,3,280.0,840.0,210.0
163,2026-04-23,Hyderabad,Vitamin C Tablets,Wellness,1,1000.0,1000.0,
164,2026-05-24,HYDERABAD,Vitamin C Tablets,Wellness,4,290.0,1160.0,290.0
165,2026-06-25,Hyderabad,Multivitamin Tablets,Wellness,5,280.0,1400.0,350.0
166,2026-04-26, warangal,Paracetamol 500mg,Medicines,5,200.0,1000.0,140.0
167,2026-05-27,Warangal,Multivitamin Tablets,Wellness,2,390.0,780.0,195.0
168,2026-06-28, warangal,Chyawanprash,Ayurveda,1,660.0,660.0,132.0
169,2026-04-01,Vijayawada,Face Wash,Personal Care,2,500.0,1000.0,220.0
170,2026-05-02,VIJAYAWADA,Face Wash,Personal Care,1,1020.0,1020.0,224.4
171,2026-06-03,Vijayawada,Azithromycin 500mg,Medicines,2,450.0,900.0,126.0
172,2026-04-04,Vizag,Triphala Tablets,Ayurveda,3,333.33,1000.0,200.0
173,2026-05-05,Visakhapatnam,Vitamin C Tablets,Wellness,1,380.0,380.0,95.0
174,2026-06-06,Vizag,Digital Thermometer,Medical Devices,5,152.0,760.0,121.6
175,2026-04-07,Guntur,Shampoo,Personal Care,3,333.33,1000.0,220.0
176,2026-05-08,GUNTUR,Digital Thermometer,Medical Devices,4,555.48,2221.9,355.5
177,2026-06-09,Guntur,Blood Pressure Monitor,Medical Devices,2,798.25,1596.5,255.44
178,2026-04-10, nellore,Digital Thermometer,Medical Devices,2,500.0,1000.0,160.0
179,2026-05-11,Nellore,Shampoo,Personal Care,2,530.0,1060.0,233.2
180,2026-06-12, nellore,Chyawanprash,Ayurveda,1,1100.0,1100.0,220.0
181,2026-04-13,Tirupati,Chyawanprash,Ayurveda,5,200.0,1000.0,200.0
182,2026-05-14,Tirupati,Blood Pressure Monitor,Medical Devices,3,556.67,1670.0,267.2
183,2026-06-15,Tirupati,Shampoo,Personal Care,2,695.0,1390.0,305.8
184,2026-04-16,Karimnagar,Paracetamol 500mg,Medicines,1,1000.0,1000.0,140.0
185,2026-05-17,Karimnagar,Baby Shampoo,Baby Care,5,248.0,1240.0,223.2
186,2026-06-18,Karimnagar,Ashwagandha Capsules,Ayurveda,4,172.5,690.0,
187,2026-04-19,Bengaluru,Baby Shampoo,Baby Care,3,333.33,1000.0,180.0
188,2026-05-20,Bangalore,Shampoo,Personal Care,5,170.0,850.0,187.0
189,2026-06-21,Bengaluru,Cetirizine 10mg,Medicines,2,420.0,840.0,117.6
190,2026-04-22,HYDERABAD,Chyawanprash,Ayurveda,1,1000.0,1000.0,200.0
191,2026-05-23,Hyderabad,Triphala Tablets,Ayurveda,3,386.67,1160.0,232.0
192,2026-06-24,HYDERABAD,Multivitamin Tablets,Wellness,5,280.0,1400.0,350.0
193,2026-04-25,Warangal,Multivitamin Tablets,Wellness,1,1000.0,1000.0,250.0
194,2026-05-26, warangal,Paracetamol 500mg,Medicines,2,390.0,780.0,109.2
195,2026-06-27,Warangal,Ashwagandha Capsules,Ayurveda,1,660.0,660.0,132.0
196,2026-04-28,VIJAYAWADA,Baby Lotion,Baby Care,5,200.0,1000.0,180.0
197,2026-05-01,Vijayawada,Shampoo,Personal Care,4,255.0,1020.0,
198,2026-06-02,VIJAYAWADA,Protein Powder,Wellness,2,450.0,900.0,225.0
199,2026-04-03,Visakhapatnam,Chyawanprash,Ayurveda,3,333.33,1000.0,200.0
200,2026-05-04,Vizag,Multivitamin Tablets,Wellness,2,190.0,380.0,95.0
201,2026-06-05,Visakhapatnam,Protein Powder,Wellness,3,253.33,760.0,190.0
202,2026-04-06,GUNTUR,Glucometer,Medical Devices,4,250.0,1000.0,
203,2026-05-07,Guntur,Chyawanprash,Ayurveda,4,555.48,2221.9,444.38
204,2026-06-08,GUNTUR,Vitamin C Tablets,Wellness,2,798.25,1596.5,399.12
205,2026-04-09,Nellore,Moisturizer,Personal Care,4,250.0,1000.0,
206,2026-05-10, nellore,Shampoo,Personal Care,4,265.0,1060.0,233.2
207,2026-06-11,Nellore,Paracetamol 500mg,Medicines,3,366.67,1100.0,154.0
208,2026-04-12,Tirupati,Triphala Tablets,,4,250.0,1000.0,200.0
209,2026-05-13,Tirupati,Azithromycin 500mg,Medicines,2,835.0,1670.0,233.8
210,2026-06-14,Tirupati,Cetirizine 10mg,Medicines,3,463.33,1390.0,194.6
211,2026-04-15,Karimnagar,Protein Powder,Wellness,5,200.0,1000.0,250.0
212,2026-05-16,Karimnagar,Baby Shampoo,Baby Care,2,620.0,1240.0,223.2
213,2026-06-17,Karimnagar,Face Wash,Personal Care,1,690.0,690.0,151.8
214,2026-04-18,Bangalore,Chyawanprash,Ayurveda,2,500.0,1000.0,200.0
215,2026-05-19,Bengaluru,Vitamin C Tablets,Wellness,5,170.0,850.0,212.5
216,2026-06-20,Bangalore,Azithromycin 500mg,Medicines,4,210.0,840.0,117.6
217,2026-04-21,Hyderabad,Blood Pressure Monitor,,5,200.0,1000.0,160.0
218,2026-05-22,HYDERABAD,Triphala Tablets,Ayurveda,2,580.0,1160.0,232.0
219,2026-06-23,Hyderabad,Triphala Tablets,,1,1400.0,1400.0,280.0
220,2026-04-24, warangal,Cetirizine 10mg,Medicines,2,500.0,1000.0,140.0
221,2026-05-25,Warangal,Blood Pressure Monitor,Medical Devices,3,260.0,780.0,124.8
222,2026-06-26, warangal,Chyawanprash,Ayurveda,3,220.0,660.0,132.0
223,2026-04-27,Vijayawada,Vitamin C Tablets,Wellness,1,1000.0,1000.0,250.0
224,2026-05-28,VIJAYAWADA,Baby Diapers,Baby Care,2,510.0,1020.0,183.6
225,2026-06-01,Vijayawada,Vitamin C Tablets,Wellness,3,300.0,900.0,225.0
226,2026-04-02,Vizag,Chyawanprash,Ayurveda,3,333.33,1000.0,200.0
227,2026-05-03,Visakhapatnam,Protein Powder,Wellness,2,190.0,380.0,95.0
228,2026-06-04,Vizag,Blood Pressure Monitor,Medical Devices,2,380.0,760.0,121.6
229,2026-04-05,Guntur,Paracetamol 500mg,Medicines,5,200.0,1000.0,140.0
230,2026-05-06,GUNTUR,Ashwagandha Capsules,Ayurveda,4,555.48,2221.9,444.38
231,2026-06-07,Guntur,Protein Powder,Wellness,5,319.3,1596.5,399.12
232,2026-04-08, nellore,Moisturizer,Personal Care,5,200.0,1000.0,220.0
233,2026-05-09,Nellore,Paracetamol 500mg,Medicines,2,530.0,1060.0,148.4
234,2026-06-10, nellore,Multivitamin Tablets,Wellness,5,220.0,1100.0,275.0
235,2026-04-11,Tirupati,Shampoo,Personal Care,2,500.0,1000.0,220.0
236,2026-05-12,Tirupati,Paracetamol 500mg,Medicines,1,1670.0,1670.0,233.8
237,2026-06-13,Tirupati,Triphala Tablets,Ayurveda,1,1390.0,1390.0,278.0
238,2026-04-14,Karimnagar,Protein Powder,Wellness,1,1000.0,1000.0,250.0
239,2026-05-15,Karimnagar,Protein Powder,Wellness,3,413.33,1240.0,310.0
240,2026-06-16,Karimnagar,Baby Diapers,Baby Care,5,138.0,690.0,124.2
241,2026-04-17,Bengaluru,Shampoo,Personal Care,5,200.0,1000.0,220.0
242,2026-05-18,Bangalore,Baby Lotion,Baby Care,2,425.0,850.0,153.0
243,2026-06-19,Bengaluru,Face Wash,Personal Care,3,280.0,840.0,184.8
244,2026-04-20,HYDERABAD,Ashwagandha Capsules,Ayurveda,1,1000.0,1000.0,200.0
245,2026-05-21,Hyderabad,Cetirizine 10mg,Medicines,4,290.0,1160.0,162.4
246,2026-06-22,HYDERABAD,Baby Shampoo,Baby Care,5,280.0,1400.0,252.0
247,2026-04-23,Warangal,Vitamin C Tablets,Wellness,1,1000.0,1000.0,250.0
248,2026-05-24, warangal,Protein Powder,Wellness,4,195.0,780.0,195.0
249,2026-06-25,Warangal,Ashwagandha Capsules,Ayurveda,1,660.0,660.0,132.0
250,2026-04-26,VIJAYAWADA,Chyawanprash,Ayurveda,5,200.0,1000.0,
251,2026-05-27,Vijayawada,Baby Lotion,Baby Care,3,340.0,1020.0,183.6
252,2026-06-28,VIJAYAWADA,Glucometer,Medical Devices,5,180.0,900.0,144.0
253,2026-04-01,Visakhapatnam,Protein Powder,Wellness,1,1000.0,1000.0,250.0
254,2026-05-02,Vizag,Cetirizine 10mg,Medicines,1,380.0,380.0,53.2
255,2026-06-03,Visakhapatnam,Ashwagandha Capsules,Ayurveda,3,253.33,760.0,152.0
256,2026-04-04,GUNTUR,Baby Shampoo,Baby Care,2,500.0,1000.0,180.0
257,2026-05-05,Guntur,Moisturizer,Personal Care,3,740.63,2221.9,488.82
258,2026-06-06,GUNTUR,Digital Thermometer,Medical Devices,5,319.3,1596.5,255.44
259,2026-04-07,Nellore,Chyawanprash,Ayurveda,3,333.33,1000.0,200.0
260,2026-05-08, nellore,Multivitamin Tablets,Wellness,4,265.0,1060.0,265.0
261,2026-06-09,Nellore,Blood Pressure Monitor,Medical Devices,3,366.67,1100.0,176.0
262,2026-04-10,Tirupati,Moisturizer,Personal Care,2,500.0,1000.0,220.0
263,2026-05-11,Tirupati,Glucometer,Medical Devices,2,835.0,1670.0,267.2
264,2026-06-12,Tirupati,Protein Powder,Wellness,3,463.33,1390.0,347.5
265,2026-04-13,Karimnagar,Digital Thermometer,Medical Devices,5,200.0,1000.0,
266,2026-05-14,Karimnagar,Blood Pressure Monitor,Medical Devices,2,620.0,1240.0,198.4
267,2026-06-15,Karimnagar,Shampoo,Personal Care,4,172.5,690.0,151.8
268,2026-04-16,Bangalore,Shampoo,Personal Care,4,250.0,1000.0,220.0
269,2026-05-17,Bengaluru,Baby Shampoo,Baby Care,3,283.33,850.0,153.0
270,2026-06-18,Bangalore,Face Wash,Personal Care,3,280.0,840.0,184.8
271,2026-04-19,Hyderabad,Baby Shampoo,Baby Care,4,250.0,1000.0,180.0
272,2026-05-20,HYDERABAD,Baby Shampoo,Baby Care,2,580.0,1160.0,208.8
273,2026-06-21,Hyderabad,Chyawanprash,Ayurveda,3,466.67,1400.0,280.0
274,2026-04-22, warangal,Baby Lotion,Baby Care,3,333.33,1000.0,180.0
275,2026-05-23,Warangal,Shampoo,Personal Care,5,156.0,780.0,171.6
276,2026-06-24, warangal,Face Wash,Personal Care,3,220.0,660.0,145.2
277,2026-04-25,Vijayawada,Vitamin C Tablets,Wellness,5,200.0,1000.0,250.0
278,2026-05-26,VIJAYAWADA,Glucometer,Medical Devices,4,255.0,1020.0,163.2
279,2026-06-27,Vijayawada,Blood Pressure Monitor,Medical Devices,1,900.0,900.0,144.0
280,2026-04-28,Vizag,Chyawanprash,Ayurveda,3,333.33,1000.0,200.0
281,2026-05-01,Visakhapatnam,Digital Thermometer,Medical Devices,3,126.67,380.0,60.8
282,2026-06-02,Vizag,Face Wash,Personal Care,4,190.0,760.0,167.2
283,2026-04-03,Guntur,Chyawanprash,Ayurveda,5,200.0,1000.0,200.0
284,2026-05-04,GUNTUR,Baby Diapers,Baby Care,4,555.48,2221.9,399.94
285,2026-06-05,Guntur,Protein Powder,Wellness,3,532.17,1596.5,399.12
286,2026-04-06, nellore,Azithromycin 500mg,Medicines,4,250.0,1000.0,140.0
287,2026-05-07,Nellore,Moisturizer,Personal Care,1,1060.0,1060.0,233.2
288,2026-06-08, nellore,Baby Shampoo,Baby Care,5,220.0,1100.0,198.0
289,2026-04-09,Tirupati,Baby Shampoo,Baby Care,2,500.0,1000.0,180.0
290,2026-05-10,Tirupati,Multivitamin Tablets,Wellness,5,334.0,1670.0,417.5
291,2026-06-11,Tirupati,Digital Thermometer,,4,347.5,1390.0,222.4
292,2026-04-12,Karimnagar,Ashwagandha Capsules,Ayurveda,3,333.33,1000.0,200.0
293,2026-05-13,Karimnagar,Paracetamol 500mg,Medicines,1,1240.0,1240.0,173.6
294,2026-06-14,Karimnagar,Baby Lotion,Baby Care,1,690.0,690.0,124.2
295,2026-04-15,Bengaluru,Baby Shampoo,Baby Care,3,333.33,1000.0,180.0
296,2026-05-16,Bangalore,Paracetamol 500mg,Medicines,2,425.0,850.0,119.0
297,2026-06-17,Bengaluru,Glucometer,Medical Devices,5,168.0,840.0,134.4
298,2026-04-18,HYDERABAD,Baby Shampoo,Baby Care,5,200.0,1000.0,180.0
299,2026-05-19,Hyderabad,Protein Powder,Wellness,1,1160.0,1160.0,290.0
300,2026-06-20,HYDERABAD,Chyawanprash,Ayurveda,2,700.0,1400.0,280.0
301,2026-04-21,Warangal,Chyawanprash,Ayurveda,1,1000.0,1000.0,200.0
302,2026-05-22, warangal,Face Wash,Personal Care,2,390.0,780.0,171.6
303,2026-06-23,Warangal,Multivitamin Tablets,Wellness,2,330.0,660.0,165.0
304,2026-04-24,VIJAYAWADA,Glucometer,Medical Devices,2,500.0,1000.0,160.0
305,2026-05-25,Vijayawada,Moisturizer,Personal Care,3,340.0,1020.0,224.4
306,2026-06-26,VIJAYAWADA,Cetirizine 10mg,Medicines,5,180.0,900.0,
307,2026-04-27,Visakhapatnam,Digital Thermometer,Medical Devices,5,200.0,1000.0,160.0
308,2026-05-28,Vizag,Chyawanprash,Ayurveda,2,190.0,380.0,76.0
309,2026-06-01,Visakhapatnam,Face Wash,Personal Care,1,760.0,760.0,167.2
310,2026-04-02,GUNTUR,Baby Shampoo,Baby Care,4,250.0,1000.0,180.0
311,2026-05-03,Guntur,Azithromycin 500mg,Medicines,2,1110.95,2221.9,311.07
312,2026-06-04,GUNTUR,Chyawanprash,Ayurveda,5,319.3,1596.5,319.3
313,2026-04-05,Nellore,Baby Lotion,Baby Care,4,250.0,1000.0,180.0
314,2026-05-06, nellore,Multivitamin Tablets,Wellness,3,353.33,1060.0,265.0
315,2026-06-07,Nellore,Protein Powder,Wellness,3,366.67,1100.0,275.0
316,2026-04-08,Tirupati,Ashwagandha Capsules,Ayurveda,3,333.33,1000.0,200.0
317,2026-05-09,Tirupati,Ashwagandha Capsules,Ayurveda,3,556.67,1670.0,334.0
318,2026-06-10,Tirupati,Baby Shampoo,Baby Care,1,1390.0,1390.0,250.2
319,2026-04-11,Karimnagar,Ashwagandha Capsules,Ayurveda,2,500.0,1000.0,200.0
320,2026-05-12,Karimnagar,Paracetamol 500mg,Medicines,4,310.0,1240.0,173.6
321,2026-06-13,Karimnagar,Protein Powder,Wellness,3,230.0,690.0,172.5
322,2026-04-14,Bangalore,Glucometer,Medical Devices,2,500.0,1000.0,160.0
323,2026-05-15,Bengaluru,Protein Powder,Wellness,3,283.33,850.0,212.5
324,2026-06-16,Bangalore,Triphala Tablets,Ayurveda,4,210.0,840.0,168.0
325,2026-04-17,Hyderabad,Vitamin C Tablets,Wellness,2,500.0,1000.0,250.0
326,2026-05-18,HYDERABAD,Azithromycin 500mg,Medicines,4,290.0,1160.0,162.4
327,2026-06-19,Hyderabad,Cetirizine 10mg,Medicines,5,280.0,1400.0,196.0
328,2026-04-20, warangal,Chyawanprash,Ayurveda,3,333.33,1000.0,200.0
329,2026-05-21,Warangal,Ashwagandha Capsules,Ayurveda,5,156.0,780.0,156.0
330,2026-06-22, warangal,Cetirizine 10mg,Medicines,5,132.0,660.0,92.4
331,2026-04-23,Vijayawada,Triphala Tablets,Ayurveda,5,200.0,1000.0,200.0
332,2026-05-24,VIJAYAWADA,Multivitamin Tablets,Wellness,4,255.0,1020.0,255.0
333,2026-06-25,Vijayawada,Multivitamin Tablets,Wellness,3,300.0,900.0,225.0
334,2026-04-26,Vizag,Protein Powder,Wellness,2,500.0,1000.0,250.0
335,2026-05-27,Visakhapatnam,Cetirizine 10mg,Medicines,5,76.0,380.0,
336,2026-06-28,Vizag,Moisturizer,Personal Care,3,253.33,760.0,167.2
337,2026-04-01,Guntur,Triphala Tablets,Ayurveda,5,200.0,1000.0,
338,2026-05-02,GUNTUR,Blood Pressure Monitor,Medical Devices,1,2221.9,2221.9,355.5
339,2026-06-03,Guntur,Baby Diapers,Baby Care,1,1596.5,1596.5,287.37
340,2026-04-04, nellore,Glucometer,Medical Devices,2,500.0,1000.0,160.0
341,2026-05-05,Nellore,Baby Diapers,Baby Care,4,265.0,1060.0,190.8
342,2026-06-06, nellore,Triphala Tablets,Ayurveda,5,220.0,1100.0,220.0
343,2026-04-07,Tirupati,Shampoo,Personal Care,5,200.0,1000.0,220.0
344,2026-05-08,Tirupati,Baby Diapers,Baby Care,3,556.67,1670.0,300.6
345,2026-06-09,Tirupati,Ashwagandha Capsules,Ayurveda,2,695.0,1390.0,278.0
346,2026-04-10,Karimnagar,Chyawanprash,Ayurveda,3,333.33,1000.0,200.0
347,2026-05-11,Karimnagar,Protein Powder,Wellness,4,310.0,1240.0,310.0
348,2026-06-12,Karimnagar,Chyawanprash,Ayurveda,5,138.0,690.0,138.0
349,2026-04-13,Bengaluru,Chyawanprash,Ayurveda,2,500.0,1000.0,200.0
350,2026-05-14,Bangalore,Shampoo,Personal Care,5,170.0,850.0,187.0
351,2026-06-15,Bengaluru,Chyawanprash,Ayurveda,2,420.0,840.0,168.0
352,2026-04-16,HYDERABAD,Shampoo,Personal Care,2,500.0,1000.0,220.0
353,2026-05-17,Hyderabad,Azithromycin 500mg,Medicines,1,1160.0,1160.0,162.4
354,2026-06-18,HYDERABAD,Baby Shampoo,Baby Care,3,466.67,1400.0,252.0
355,2026-04-19,Warangal,Moisturizer,Personal Care,2,500.0,1000.0,220.0
356,2026-05-20, warangal,Baby Shampoo,Baby Care,5,156.0,780.0,140.4
357,2026-06-21,Warangal,Protein Powder,Wellness,2,330.0,660.0,165.0
358,2026-04-22,VIJAYAWADA,Glucometer,Medical Devices,2,500.0,1000.0,160.0
359,2026-05-23,Vijayawada,Moisturizer,Personal Care,1,1020.0,1020.0,224.4
360,2026-06-24,VIJAYAWADA,Moisturizer,Personal Care,2,450.0,900.0,198.0
361,2026-04-25,Visakhapatnam,Digital Thermometer,Medical Devices,5,200.0,1000.0,160.0
362,2026-05-26,Vizag,Ashwagandha Capsules,Ayurveda,5,76.0,380.0,76.0
363,2026-06-27,Visakhapatnam,Paracetamol 500mg,Medicines,3,253.33,760.0,106.4
364,2026-04-28,GUNTUR,Baby Lotion,Baby Care,5,200.0,1000.0,180.0
365,2026-05-01,Guntur,Protein Powder,Wellness,5,444.38,2221.9,555.48
366,2026-06-02,GUNTUR,Cetirizine 10mg,Medicines,4,399.12,1596.5,223.51
367,2026-04-03,Nellore,Digital Thermometer,Medical Devices,2,500.0,1000.0,160.0
368,2026-05-04, nellore,Multivitamin Tablets,Wellness,2,530.0,1060.0,265.0
369,2026-06-05,Nellore,Triphala Tablets,Ayurveda,1,1100.0,1100.0,220.0
370,2026-04-06,Tirupati,Ashwagandha Capsules,Ayurveda,1,1000.0,1000.0,200.0
371,2026-05-07,Tirupati,Azithromycin 500mg,Medicines,1,1670.0,1670.0,233.8
372,2026-06-08,Tirupati,Protein Powder,Wellness,5,278.0,1390.0,347.5
373,2026-04-09,Karimnagar,Baby Shampoo,Baby Care,3,333.33,1000.0,
374,2026-05-10,Karimnagar,Paracetamol 500mg,Medicines,2,620.0,1240.0,173.6
375,2026-06-11,Karimnagar,Triphala Tablets,Ayurveda,2,345.0,690.0,138.0
376,2026-04-12,Bangalore,Cetirizine 10mg,Medicines,4,250.0,1000.0,140.0
377,2026-05-13,Bengaluru,Digital Thermometer,Medical Devices,2,425.0,850.0,136.0
378,2026-06-14,Bangalore,Moisturizer,Personal Care,2,420.0,840.0,184.8
379,2026-04-15,Hyderabad,Baby Lotion,Baby Care,4,250.0,1000.0,180.0
380,2026-05-16,HYDERABAD,Baby Diapers,Baby Care,3,386.67,1160.0,208.8
381,2026-06-17,Hyderabad,Moisturizer,Personal Care,5,280.0,1400.0,308.0
382,2026-04-18, warangal,Digital Thermometer,Medical Devices,4,250.0,1000.0,160.0
383,2026-05-19,Warangal,Glucometer,Medical Devices,3,260.0,780.0,124.8
384,2026-06-20, warangal,Baby Diapers,Baby Care,3,220.0,660.0,118.8
385,2026-04-21,Vijayawada,Glucometer,Medical Devices,5,200.0,1000.0,160.0
386,2026-05-22,VIJAYAWADA,Ashwagandha Capsules,Ayurveda,1,1020.0,1020.0,204.0
387,2026-06-23,Vijayawada,Baby Diapers,Baby Care,2,450.0,900.0,162.0
388,2026-04-24,Vizag,Face Wash,Personal Care,1,1000.0,1000.0,220.0
389,2026-05-25,Visakhapatnam,Protein Powder,Wellness,5,76.0,380.0,95.0
390,2026-06-26,Vizag,Moisturizer,Personal Care,1,760.0,760.0,167.2
391,2026-04-27,Guntur,Moisturizer,Personal Care,2,500.0,1000.0,220.0
392,2026-05-28,GUNTUR,Digital Thermometer,Medical Devices,2,1110.95,2221.9,355.5
393,2026-06-01,Guntur,Digital Thermometer,Medical Devices,1,1596.5,1596.5,255.44
394,2026-04-02, nellore,Chyawanprash,Ayurveda,2,500.0,1000.0,200.0
395,2026-05-03,Nellore,Baby Shampoo,Baby Care,3,353.33,1060.0,190.8
396,2026-06-04, nellore,Protein Powder,Wellness,4,275.0,1100.0,275.0
397,2026-04-05,Tirupati,Paracetamol 500mg,Medicines,4,250.0,1000.0,
398,2026-05-06,Tirupati,Triphala Tablets,Ayurveda,4,417.5,1670.0,334.0
399,2026-06-07,Tirupati,Baby Shampoo,Baby Care,3,463.33,1390.0,250.2
400,2026-04-08,Karimnagar,Ashwagandha Capsules,Ayurveda,2,500.0,1000.0,200.0
401,2026-05-09,Karimnagar,Face Wash,Personal Care,2,620.0,1240.0,272.8
402,2026-06-10,Karimnagar,Chyawanprash,Ayurveda,2,345.0,690.0,138.0
403,2026-04-11,Bengaluru,Protein Powder,Wellness,4,250.0,1000.0,250.0
404,2026-05-12,Bangalore,Blood Pressure Monitor,Medical Devices,5,170.0,850.0,136.0
405,2026-06-13,Bengaluru,Azithromycin 500mg,Medicines,5,168.0,840.0,117.6
406,2026-04-14,HYDERABAD,Multivitamin Tablets,Wellness,3,333.33,1000.0,250.0
407,2026-05-15,Hyderabad,Cetirizine 10mg,Medicines,4,290.0,1160.0,162.4
408,2026-06-16,HYDERABAD,Glucometer,Medical Devices,3,466.67,1400.0,224.0
409,2026-04-17,Warangal,Chyawanprash,Ayurveda,5,200.0,1000.0,200.0
410,2026-05-18, warangal,Triphala Tablets,Ayurveda,1,780.0,780.0,156.0
411,2026-06-19,Warangal,Baby Shampoo,Baby Care,3,220.0,660.0,118.8
412,2026-04-20,VIJAYAWADA,Azithromycin 500mg,Medicines,1,1000.0,1000.0,140.0
413,2026-05-21,Vijayawada,Azithromycin 500mg,Medicines,1,1020.0,1020.0,142.8
414,2026-06-22,VIJAYAWADA,Triphala Tablets,Ayurveda,4,225.0,900.0,
415,2026-04-23,Visakhapatnam,Face Wash,Personal Care,4,250.0,1000.0,220.0
416,2026-05-24,Vizag,Glucometer,Medical Devices,5,76.0,380.0,60.8
417,2026-06-25,Visakhapatnam,Ashwagandha Capsules,Ayurveda,5,152.0,760.0,
418,2026-04-26,GUNTUR,Paracetamol 500mg,Medicines,2,500.0,1000.0,140.0
419,2026-05-27,Guntur,Multivitamin Tablets,Wellness,2,1110.95,2221.9,555.48
420,2026-06-28,GUNTUR,Paracetamol 500mg,Medicines,1,1596.5,1596.5,223.51
421,2026-04-01,Nellore,Blood Pressure Monitor,Medical Devices,1,1000.0,1000.0,160.0
422,2026-05-02, nellore,Moisturizer,Personal Care,5,212.0,1060.0,233.2
423,2026-06-03,Nellore,Baby Shampoo,Baby Care,1,1100.0,1100.0,198.0
424,2026-04-04,Tirupati,Azithromycin 500mg,Medicines,1,1000.0,1000.0,140.0
425,2026-05-05,Tirupati,Triphala Tablets,Ayurveda,1,1670.0,1670.0,334.0
426,2026-06-06,Tirupati,Multivitamin Tablets,Wellness,2,695.0,1390.0,347.5
427,2026-04-07,Karimnagar,Vitamin C Tablets,,4,250.0,1000.0,250.0
428,2026-05-08,Karimnagar,Baby Lotion,Baby Care,3,413.33,1240.0,223.2
429,2026-06-09,Karimnagar,Glucometer,Medical Devices,2,345.0,690.0,110.4
430,2026-04-10,Bangalore,Blood Pressure Monitor,Medical Devices,2,500.0,1000.0,160.0
431,2026-05-11,Bengaluru,Triphala Tablets,Ayurveda,3,283.33,850.0,170.0
432,2026-06-12,Bangalore,Digital Thermometer,Medical Devices,1,840.0,840.0,134.4
433,2026-04-13,Hyderabad,Ashwagandha Capsules,Ayurveda,2,500.0,1000.0,200.0
434,2026-05-14,HYDERABAD,Moisturizer,Personal Care,4,290.0,1160.0,255.2
435,2026-06-15,Hyderabad,Baby Diapers,Baby Care,1,1400.0,1400.0,252.0
436,2026-04-16, warangal,Ashwagandha Capsules,Ayurveda,5,200.0,1000.0,200.0
437,2026-05-17,Warangal,Blood Pressure Monitor,Medical Devices,4,195.0,780.0,124.8
438,2026-06-18, warangal,Triphala Tablets,Ayurveda,1,660.0,660.0,132.0
439,2026-04-19,Vijayawada,Ashwagandha Capsules,,2,500.0,1000.0,200.0
440,2026-05-20,VIJAYAWADA,Blood Pressure Monitor,Medical Devices,1,1020.0,1020.0,163.2
441,2026-06-21,Vijayawada,Triphala Tablets,Ayurveda,4,225.0,900.0,180.0
442,2026-04-22,Vizag,Shampoo,Personal Care,3,333.33,1000.0,220.0
443,2026-05-23,Visakhapatnam,Baby Lotion,Baby Care,5,76.0,380.0,68.4
444,2026-06-24,Vizag,Multivitamin Tablets,Wellness,3,253.33,760.0,190.0
445,2026-04-25,Guntur,Digital Thermometer,Medical Devices,5,200.0,1000.0,160.0
446,2026-05-26,GUNTUR,Paracetamol 500mg,Medicines,3,740.63,2221.9,311.07
447,2026-06-27,Guntur,Triphala Tablets,Ayurveda,2,798.25,1596.5,319.3
448,2026-04-28, nellore,Triphala Tablets,Ayurveda,1,1000.0,1000.0,200.0
449,2026-05-01,Nellore,Protein Powder,Wellness,2,530.0,1060.0,265.0
450,2026-06-02, nellore,Cetirizine 10mg,Medicines,5,220.0,1100.0,
451,2026-04-03,Tirupati,Moisturizer,Personal Care,4,250.0,1000.0,220.0
452,2026-05-04,Tirupati,Blood Pressure Monitor,Medical Devices,1,1670.0,1670.0,267.2
453,2026-06-05,Tirupati,Face Wash,Personal Care,4,347.5,1390.0,305.8
454,2026-04-06,Karimnagar,Blood Pressure Monitor,Medical Devices,1,1000.0,1000.0,160.0
455,2026-05-07,Karimnagar,Baby Lotion,Baby Care,2,620.0,1240.0,223.2
456,2026-06-08,Karimnagar,Azithromycin 500mg,Medicines,3,230.0,690.0,96.6
457,2026-04-09,Bengaluru,Moisturizer,Personal Care,5,200.0,1000.0,220.0
458,2026-05-10,Bangalore,Baby Shampoo,Baby Care,3,283.33,850.0,153.0
459,2026-06-11,Bengaluru,Cetirizine 10mg,Medicines,3,280.0,840.0,117.6
460,2026-04-12,HYDERABAD,Moisturizer,Personal Care,1,1000.0,1000.0,220.0
461,2026-05-13,Hyderabad,Baby Diapers,Baby Care,5,232.0,1160.0,208.8
462,2026-06-14,HYDERABAD,Face Wash,Personal Care,4,350.0,1400.0,308.0
463,2026-04-15,Warangal,Chyawanprash,Ayurveda,1,1000.0,1000.0,200.0
464,2026-05-16, warangal,Protein Powder,Wellness,4,195.0,780.0,195.0
465,2026-06-17,Warangal,Triphala Tablets,Ayurveda,1,660.0,660.0,132.0
466,2026-04-18,VIJAYAWADA,Baby Diapers,Baby Care,4,250.0,1000.0,180.0
467,2026-05-19,Vijayawada,Azithromycin 500mg,Medicines,3,340.0,1020.0,142.8
468,2026-06-20,VIJAYAWADA,Cetirizine 10mg,Medicines,2,450.0,900.0,126.0
469,2026-04-21,Visakhapatnam,Cetirizine 10mg,Medicines,3,333.33,1000.0,140.0
470,2026-05-22,Vizag,Baby Diapers,Baby Care,1,380.0,380.0,68.4
471,2026-06-23,Visakhapatnam,Vitamin C Tablets,Wellness,5,152.0,760.0,190.0
472,2026-04-24,GUNTUR,Azithromycin 500mg,Medicines,4,250.0,1000.0,140.0
473,2026-05-25,Guntur,Baby Shampoo,Baby Care,1,2221.9,2221.9,399.94
474,2026-06-26,GUNTUR,Chyawanprash,Ayurveda,2,798.25,1596.5,319.3
475,2026-04-27,Nellore,Chyawanprash,Ayurveda,5,200.0,1000.0,200.0
476,2026-05-28, nellore,Chyawanprash,Ayurveda,2,530.0,1060.0,212.0
477,2026-06-01,Nellore,Ashwagandha Capsules,Ayurveda,1,1100.0,1100.0,
478,2026-04-02,Tirupati,Chyawanprash,,3,333.33,1000.0,200.0
479,2026-05-03,Tirupati,Baby Lotion,,5,334.0,1670.0,300.6
480,2026-06-04,Tirupati,Blood Pressure Monitor,Medical Devices,4,347.5,1390.0,222.4
481,2026-04-05,Karimnagar,Cetirizine 10mg,Medicines,2,500.0,1000.0,140.0
482,2026-05-06,Karimnagar,Azithromycin 500mg,Medicines,1,1240.0,1240.0,173.6
483,2026-06-07,Karimnagar,Digital Thermometer,Medical Devices,4,172.5,690.0,110.4
484,2026-04-08,Bangalore,Chyawanprash,Ayurveda,1,1000.0,1000.0,200.0
485,2026-05-09,Bengaluru,Glucometer,Medical Devices,5,170.0,850.0,136.0
486,2026-06-10,Bangalore,Moisturizer,Personal Care,2,420.0,840.0,
487,2026-04-11,Hyderabad,Baby Lotion,Baby Care,2,500.0,1000.0,180.0
488,2026-05-12,HYDERABAD,Chyawanprash,,2,580.0,1160.0,232.0
489,2026-06-13,Hyderabad,Triphala Tablets,Ayurveda,3,466.67,1400.0,280.0
490,2026-04-14, warangal,Blood Pressure Monitor,Medical Devices,3,333.33,1000.0,160.0
491,2026-05-15,Warangal,Moisturizer,Personal Care,4,195.0,780.0,171.6
492,2026-06-16, warangal,Cetirizine 10mg,Medicines,1,660.0,660.0,92.4
493,2026-04-17,Vijayawada,Protein Powder,Wellness,1,1000.0,1000.0,250.0
494,2026-05-18,VIJAYAWADA,Shampoo,Personal Care,5,204.0,1020.0,224.4
495,2026-06-19,Vijayawada,Triphala Tablets,Ayurveda,2,450.0,900.0,
496,2026-04-20,Vizag,Ashwagandha Capsules,Ayurveda,2,500.0,1000.0,200.0
497,2026-05-21,Visakhapatnam,Multivitamin Tablets,Wellness,2,190.0,380.0,95.0
498,2026-06-22,Vizag,Ashwagandha Capsules,Ayurveda,5,152.0,760.0,152.0
499,2026-04-23,Guntur,Face Wash,Personal Care,2,500.0,1000.0,220.0
500,2026-05-24,GUNTUR,Paracetamol 500mg,Medicines,4,555.48,2221.9,311.07
501,2026-06-25,Guntur,Cetirizine 10mg,Medicines,4,399.12,1596.5,223.51
502,2026-04-26, nellore,Digital Thermometer,Medical Devices,5,200.0,1000.0,160.0
503,2026-05-27,Nellore,Multivitamin Tablets,Wellness,5,212.0,1060.0,265.0
504,2026-06-28, nellore,Protein Powder,Wellness,1,1100.0,1100.0,275.0
505,2026-04-01,Tirupati,Paracetamol 500mg,Medicines,3,333.33,1000.0,140.0
506,2026-05-02,Tirupati,Baby Lotion,Baby Care,1,1670.0,1670.0,300.6
507,2026-06-03,Tirupati,Blood Pressure Monitor,Medical Devices,2,695.0,1390.0,222.4
508,2026-04-04,Karimnagar,Vitamin C Tablets,,5,200.0,1000.0,250.0
509,2026-05-05,Karimnagar,Moisturizer,Personal Care,3,413.33,1240.0,272.8
510,2026-06-06,Karimnagar,Chyawanprash,Ayurveda,1,690.0,690.0,138.0
511,2026-04-07,Bengaluru,Paracetamol 500mg,Medicines,3,333.33,1000.0,140.0
512,2026-05-08,Bangalore,Moisturizer,Personal Care,4,212.5,850.0,187.0
513,2026-06-09,Bengaluru,Face Wash,Personal Care,2,420.0,840.0,184.8
514,2026-04-10,HYDERABAD,Ashwagandha Capsules,Ayurveda,2,500.0,1000.0,200.0
515,2026-05-11,Hyderabad,Triphala Tablets,Ayurveda,4,290.0,1160.0,232.0
516,2026-06-12,HYDERABAD,Face Wash,Personal Care,1,1400.0,1400.0,
517,2026-04-13,Warangal,Shampoo,Personal Care,1,1000.0,1000.0,220.0
518,2026-05-14, warangal,Triphala Tablets,Ayurveda,3,260.0,780.0,156.0
519,2026-06-15,Warangal,Shampoo,Personal Care,4,165.0,660.0,145.2
520,2026-04-16,VIJAYAWADA,Baby Shampoo,Baby Care,1,1000.0,1000.0,180.0
521,2026-05-17,Vijayawada,Glucometer,Medical Devices,5,204.0,1020.0,163.2
522,2026-06-18,VIJAYAWADA,Vitamin C Tablets,Wellness,2,450.0,900.0,225.0
523,2026-04-19,Visakhapatnam,Blood Pressure Monitor,Medical Devices,1,1000.0,1000.0,160.0
524,2026-05-20,Vizag,Glucometer,Medical Devices,5,76.0,380.0,60.8
525,2026-06-21,Visakhapatnam,Face Wash,Personal Care,1,760.0,760.0,167.2
526,2026-04-22,GUNTUR,Baby Lotion,Baby Care,3,333.33,1000.0,180.0
527,2026-05-23,Guntur,Glucometer,Medical Devices,1,2221.9,2221.9,355.5
528,2026-06-24,GUNTUR,Blood Pressure Monitor,Medical Devices,3,532.17,1596.5,255.44
529,2026-04-25,Nellore,Glucometer,Medical Devices,4,250.0,1000.0,
530,2026-05-26, nellore,Vitamin C Tablets,Wellness,3,353.33,1060.0,265.0
531,2026-06-27,Nellore,Glucometer,Medical Devices,5,220.0,1100.0,176.0
532,2026-04-28,Tirupati,Digital Thermometer,Medical Devices,4,250.0,1000.0,160.0
533,2026-05-01,Tirupati,Vitamin C Tablets,Wellness,3,556.67,1670.0,417.5
534,2026-06-02,Tirupati,Moisturizer,Personal Care,1,1390.0,1390.0,305.8
535,2026-04-03,Karimnagar,Chyawanprash,Ayurveda,1,1000.0,1000.0,200.0
536,2026-05-04,Karimnagar,Baby Diapers,Baby Care,2,620.0,1240.0,223.2
537,2026-06-05,Karimnagar,Vitamin C Tablets,Wellness,4,172.5,690.0,172.5
538,2026-04-06,Bangalore,Baby Lotion,Baby Care,3,333.33,1000.0,180.0
539,2026-05-07,Bengaluru,Moisturizer,Personal Care,1,850.0,850.0,187.0
540,2026-06-08,Bangalore,Baby Lotion,Baby Care,4,210.0,840.0,151.2
541,2026-04-09,Hyderabad,Shampoo,Personal Care,5,200.0,1000.0,220.0
542,2026-05-10,HYDERABAD,Multivitamin Tablets,Wellness,5,232.0,1160.0,290.0
543,2026-06-11,Hyderabad,Blood Pressure Monitor,Medical Devices,2,700.0,1400.0,224.0
544,2026-04-12, warangal,Chyawanprash,Ayurveda,3,333.33,1000.0,200.0
545,2026-05-13,Warangal,Chyawanprash,Ayurveda,5,156.0,780.0,156.0
546,2026-06-14, warangal,Blood Pressure Monitor,Medical Devices,3,220.0,660.0,105.6
547,2026-04-15,Vijayawada,Protein Powder,Wellness,4,250.0,1000.0,250.0
548,2026-05-16,VIJAYAWADA,Baby Lotion,Baby Care,2,510.0,1020.0,183.6
549,2026-06-17,Vijayawada,Triphala Tablets,Ayurveda,3,300.0,900.0,180.0
550,2026-04-18,Vizag,Azithromycin 500mg,Medicines,5,200.0,1000.0,140.0
551,2026-05-19,Visakhapatnam,Baby Diapers,Baby Care,3,126.67,380.0,
552,2026-06-20,Vizag,Moisturizer,Personal Care,4,190.0,760.0,167.2
553,2026-04-21,Guntur,Shampoo,Personal Care,4,250.0,1000.0,220.0
554,2026-05-22,GUNTUR,Blood Pressure Monitor,Medical Devices,4,555.48,2221.9,
555,2026-06-23,Guntur,Azithromycin 500mg,Medicines,5,319.3,1596.5,223.51
556,2026-04-24, nellore,Vitamin C Tablets,Wellness,1,1000.0,1000.0,250.0
557,2026-05-25,Nellore,Triphala Tablets,Ayurveda,3,353.33,1060.0,212.0
558,2026-06-26, nellore,Chyawanprash,Ayurveda,3,366.67,1100.0,220.0
559,2026-04-27,Tirupati,Digital Thermometer,Medical Devices,2,500.0,1000.0,160.0
560,2026-05-28,Tirupati,Chyawanprash,Ayurveda,5,334.0,1670.0,334.0
561,2026-06-01,Tirupati,Vitamin C Tablets,Wellness,5,278.0,1390.0,347.5
562,2026-04-02,Karimnagar,Triphala Tablets,Ayurveda,3,333.33,1000.0,200.0
563,2026-05-03,Karimnagar,Protein Powder,Wellness,4,310.0,1240.0,310.0
564,2026-06-04,Karimnagar,Triphala Tablets,Ayurveda,2,345.0,690.0,138.0
565,2026-04-05,Bengaluru,Paracetamol 500mg,Medicines,4,250.0,1000.0,140.0
566,2026-05-06,Bangalore,Triphala Tablets,Ayurveda,4,212.5,850.0,170.0
567,2026-06-07,Bengaluru,Blood Pressure Monitor,Medical Devices,5,168.0,840.0,134.4
568,2026-04-08,HYDERABAD,Protein Powder,,2,500.0,1000.0,250.0
569,2026-05-09,Hyderabad,Chyawanprash,Ayurveda,5,232.0,1160.0,232.0
570,2026-06-10,HYDERABAD,Blood Pressure Monitor,Medical Devices,3,466.67,1400.0,224.0
571,2026-04-11,Warangal,Paracetamol 500mg,Medicines,1,1000.0,1000.0,140.0
572,2026-05-12, warangal,Baby Lotion,Baby Care,2,390.0,780.0,140.4
573,2026-06-13,Warangal,Moisturizer,Personal Care,4,165.0,660.0,145.2
574,2026-04-14,VIJAYAWADA,Blood Pressure Monitor,Medical Devices,4,250.0,1000.0,160.0
575,2026-05-15,Vijayawada,Moisturizer,Personal Care,4,255.0,1020.0,224.4
576,2026-06-16,VIJAYAWADA,Triphala Tablets,Ayurveda,2,450.0,900.0,180.0
577,2026-04-17,Visakhapatnam,Protein Powder,Wellness,1,1000.0,1000.0,250.0
578,2026-05-18,Vizag,Chyawanprash,Ayurveda,1,380.0,380.0,76.0
579,2026-06-19,Visakhapatnam,Face Wash,Personal Care,1,760.0,760.0,167.2
580,2026-04-20,GUNTUR,Baby Diapers,Baby Care,4,250.0,1000.0,180.0
581,2026-05-21,Guntur,Face Wash,Personal Care,4,555.48,2221.9,488.82
582,2026-06-22,GUNTUR,Protein Powder,Wellness,5,319.3,1596.5,
583,2026-04-23,Nellore,Face Wash,Personal Care,4,250.0,1000.0,220.0
584,2026-05-24, nellore,Baby Lotion,Baby Care,3,353.33,1060.0,
585,2026-06-25,Nellore,Vitamin C Tablets,Wellness,1,1100.0,1100.0,275.0
586,2026-04-26,Tirupati,Face Wash,Personal Care,1,1000.0,1000.0,220.0
587,2026-05-27,Tirupati,Multivitamin Tablets,Wellness,2,835.0,1670.0,417.5
588,2026-06-28,Tirupati,Glucometer,Medical Devices,4,347.5,1390.0,222.4
589,2026-04-01,Karimnagar,Face Wash,Personal Care,1,1000.0,1000.0,220.0
590,2026-05-02,Karimnagar,Baby Diapers,Baby Care,5,248.0,1240.0,223.2
591,2026-06-03,Karimnagar,Ashwagandha Capsules,Ayurveda,3,230.0,690.0,138.0
592,2026-04-04,Bangalore,Moisturizer,Personal Care,1,1000.0,1000.0,220.0
593,2026-05-05,Bengaluru,Cetirizine 10mg,Medicines,3,283.33,850.0,119.0
594,2026-06-06,Bangalore,Baby Lotion,Baby Care,2,420.0,840.0,151.2
595,2026-04-07,Hyderabad,Glucometer,Medical Devices,4,250.0,1000.0,
596,2026-05-08,HYDERABAD,Face Wash,Personal Care,5,232.0,1160.0,255.2
597,2026-06-09,Hyderabad,Digital Thermometer,Medical Devices,2,700.0,1400.0,224.0
598,2026-04-10, warangal,Cetirizine 10mg,Medicines,1,1000.0,1000.0,140.0
599,2026-05-11,Warangal,Glucometer,Medical Devices,4,195.0,780.0,124.8
600,2026-06-12, warangal,Cetirizine 10mg,Medicines,4,165.0,660.0,92.4
601,2026-04-13,Vijayawada,Ashwagandha Capsules,Ayurveda,1,1000.0,1000.0,200.0
602,2026-05-14,VIJAYAWADA,Glucometer,Medical Devices,4,255.0,1020.0,163.2
603,2026-06-15,Vijayawada,Protein Powder,Wellness,1,900.0,900.0,225.0
604,2026-04-16,Vizag,Azithromycin 500mg,Medicines,4,250.0,1000.0,140.0
605,2026-05-17,Visakhapatnam,Moisturizer,Personal Care,4,95.0,380.0,83.6
606,2026-06-18,Vizag,Cetirizine 10mg,Medicines,3,253.33,760.0,106.4
607,2026-04-19,Guntur,Chyawanprash,Ayurveda,5,200.0,1000.0,200.0
608,2026-05-20,GUNTUR,Baby Lotion,Baby Care,4,555.48,2221.9,399.94
609,2026-06-21,Guntur,Face Wash,Personal Care,3,532.17,1596.5,351.23
610,2026-04-22, nellore,Moisturizer,Personal Care,1,1000.0,1000.0,220.0
611,2026-05-23,Nellore,Shampoo,Personal Care,5,212.0,1060.0,233.2
612,2026-06-24, nellore,Vitamin C Tablets,Wellness,3,366.67,1100.0,275.0
613,2026-04-25,Tirupati,Digital Thermometer,Medical Devices,1,1000.0,1000.0,160.0
614,2026-05-26,Tirupati,Baby Lotion,Baby Care,3,556.67,1670.0,300.6
615,2026-06-27,Tirupati,Cetirizine 10mg,Medicines,4,347.5,1390.0,194.6
616,2026-04-28,Karimnagar,Cetirizine 10mg,Medicines,5,200.0,1000.0,140.0
617,2026-05-01,Karimnagar,Baby Shampoo,Baby Care,3,413.33,1240.0,223.2
618,2026-06-02,Karimnagar,Digital Thermometer,Medical Devices,5,138.0,690.0,
619,2026-04-03,Bengaluru,Vitamin C Tablets,Wellness,2,500.0,1000.0,250.0
620,2026-05-04,Bangalore,Triphala Tablets,,2,425.0,850.0,170.0
621,2026-06-05,Bengaluru,Triphala Tablets,Ayurveda,4,210.0,840.0,168.0
622,2026-04-06,HYDERABAD,Baby Shampoo,Baby Care,1,1000.0,1000.0,180.0
623,2026-05-07,Hyderabad,Chyawanprash,Ayurveda,5,232.0,1160.0,232.0
624,2026-06-08,HYDERABAD,Baby Shampoo,Baby Care,5,280.0,1400.0,252.0
625,2026-04-09,Warangal,Glucometer,Medical Devices,3,333.33,1000.0,160.0
626,2026-05-10, warangal,Digital Thermometer,Medical Devices,3,260.0,780.0,124.8
627,2026-06-11,Warangal,Baby Diapers,Baby Care,5,132.0,660.0,118.8
628,2026-04-12,VIJAYAWADA,Glucometer,Medical Devices,2,500.0,1000.0,160.0
629,2026-05-13,Vijayawada,Protein Powder,Wellness,5,204.0,1020.0,255.0
630,2026-06-14,VIJAYAWADA,Vitamin C Tablets,Wellness,3,300.0,900.0,225.0
631,2026-04-15,Visakhapatnam,Vitamin C Tablets,Wellness,1,1000.0,1000.0,250.0
632,2026-05-16,Vizag,Baby Lotion,Baby Care,1,380.0,380.0,68.4
633,2026-06-17,Visakhapatnam,Baby Diapers,Baby Care,5,152.0,760.0,136.8
634,2026-04-18,GUNTUR,Multivitamin Tablets,Wellness,3,333.33,1000.0,250.0
635,2026-05-19,Guntur,Face Wash,Personal Care,3,740.63,2221.9,488.82
636,2026-06-20,GUNTUR,Blood Pressure Monitor,Medical Devices,4,399.12,1596.5,255.44
637,2026-04-21,Nellore,Glucometer,Medical Devices,5,200.0,1000.0,160.0
638,2026-05-22, nellore,Blood Pressure Monitor,Medical Devices,1,1060.0,1060.0,169.6
639,2026-06-23,Nellore,Protein Powder,Wellness,4,275.0,1100.0,275.0
640,2026-04-24,Tirupati,Glucometer,Medical Devices,5,200.0,1000.0,160.0
641,2026-05-25,Tirupati,Multivitamin Tablets,Wellness,5,334.0,1670.0,417.5
642,2026-06-26,Tirupati,Blood Pressure Monitor,Medical Devices,3,463.33,1390.0,222.4
643,2026-04-27,Karimnagar,Paracetamol 500mg,Medicines,3,333.33,1000.0,140.0
644,2026-05-28,Karimnagar,Blood Pressure Monitor,Medical Devices,3,413.33,1240.0,198.4
645,2026-06-01,Karimnagar,Baby Shampoo,Baby Care,4,172.5,690.0,124.2
646,2026-04-02,Bangalore,Paracetamol 500mg,Medicines,3,333.33,1000.0,140.0
647,2026-05-03,Bengaluru,Digital Thermometer,Medical Devices,4,212.5,850.0,136.0
648,2026-06-04,Bangalore,Azithromycin 500mg,Medicines,5,168.0,840.0,117.6
649,2026-04-05,Hyderabad,Paracetamol 500mg,Medicines,3,333.33,1000.0,140.0
650,2026-05-06,HYDERABAD,Chyawanprash,Ayurveda,5,232.0,1160.0,232.0
651,2026-06-07,Hyderabad,Azithromycin 500mg,Medicines,1,1400.0,1400.0,196.0
652,2026-04-08, warangal,Multivitamin Tablets,Wellness,4,250.0,1000.0,250.0
653,2026-05-09,Warangal,Baby Shampoo,Baby Care,4,195.0,780.0,140.4
654,2026-06-10, warangal,Vitamin C Tablets,,3,220.0,660.0,165.0
655,2026-04-11,Vijayawada,Paracetamol 500mg,Medicines,2,500.0,1000.0,140.0
656,2026-05-12,VIJAYAWADA,Baby Diapers,Baby Care,1,1020.0,1020.0,183.6
657,2026-06-13,Vijayawada,Cetirizine 10mg,Medicines,2,450.0,900.0,126.0
658,2026-04-14,Vizag,Moisturizer,Personal Care,1,1000.0,1000.0,220.0
659,2026-05-15,Visakhapatnam,Protein Powder,Wellness,5,76.0,380.0,95.0
660,2026-06-16,Vizag,Chyawanprash,Ayurveda,4,190.0,760.0,152.0
661,2026-04-17,Guntur,Face Wash,Personal Care,5,200.0,1000.0,220.0
662,2026-05-18,GUNTUR,Chyawanprash,Ayurveda,5,444.38,2221.9,
663,2026-06-19,Guntur,Azithromycin 500mg,Medicines,3,532.17,1596.5,223.51
664,2026-04-20, nellore,Shampoo,Personal Care,1,1000.0,1000.0,220.0
665,2026-05-21,Nellore,Digital Thermometer,Medical Devices,2,530.0,1060.0,169.6
666,2026-06-22, nellore,Face Wash,Personal Care,1,1100.0,1100.0,242.0
667,2026-04-23,Tirupati,Face Wash,Personal Care,1,1000.0,1000.0,220.0
668,2026-05-24,Tirupati,Blood Pressure Monitor,Medical Devices,1,1670.0,1670.0,267.2
669,2026-06-25,Tirupati,Shampoo,Personal Care,4,347.5,1390.0,
670,2026-04-26,Karimnagar,Chyawanprash,Ayurveda,1,1000.0,1000.0,200.0
671,2026-05-27,Karimnagar,Vitamin C Tablets,Wellness,4,310.0,1240.0,310.0
672,2026-06-28,Karimnagar,Protein Powder,Wellness,5,138.0,690.0,172.5
673,2026-04-01,Bengaluru,Glucometer,Medical Devices,2,500.0,1000.0,160.0
674,2026-05-02,Bangalore,Azithromycin 500mg,Medicines,4,212.5,850.0,119.0
675,2026-06-03,Bengaluru,Vitamin C Tablets,Wellness,2,420.0,840.0,210.0
676,2026-04-04,HYDERABAD,Baby Shampoo,Baby Care,5,200.0,1000.0,180.0
677,2026-05-05,Hyderabad,Moisturizer,Personal Care,5,232.0,1160.0,255.2
678,2026-06-06,HYDERABAD,Blood Pressure Monitor,Medical Devices,1,1400.0,1400.0,224.0
679,2026-04-07,Warangal,Cetirizine 10mg,Medicines,4,250.0,1000.0,140.0
680,2026-05-08, warangal,Digital Thermometer,Medical Devices,4,195.0,780.0,124.8
681,2026-06-09,Warangal,Glucometer,Medical Devices,2,330.0,660.0,
682,2026-04-10,VIJAYAWADA,Paracetamol 500mg,Medicines,3,333.33,1000.0,140.0
683,2026-05-11,Vijayawada,Face Wash,Personal Care,2,510.0,1020.0,224.4
684,2026-06-12,VIJAYAWADA,Digital Thermometer,Medical Devices,2,450.0,900.0,144.0
685,2026-04-13,Visakhapatnam,Baby Shampoo,Baby Care,4,250.0,1000.0,180.0
686,2026-05-14,Vizag,Triphala Tablets,Ayurveda,5,76.0,380.0,76.0
687,2026-06-15,Visakhapatnam,Shampoo,Personal Care,2,380.0,760.0,167.2
688,2026-04-16,GUNTUR,Multivitamin Tablets,Wellness,2,500.0,1000.0,250.0
689,2026-05-17,Guntur,Vitamin C Tablets,Wellness,1,2221.9,2221.9,555.48
690,2026-06-18,GUNTUR,Face Wash,Personal Care,2,798.25,1596.5,351.23
691,2026-04-19,Nellore,Glucometer,Medical Devices,4,250.0,1000.0,160.0
692,2026-05-20, nellore,Cetirizine 10mg,Medicines,3,353.33,1060.0,148.4
693,2026-06-21,Nellore,Blood Pressure Monitor,Medical Devices,1,1100.0,1100.0,176.0
694,2026-04-22,Tirupati,Paracetamol 500mg,Medicines,3,333.33,1000.0,140.0
695,2026-05-23,Tirupati,Cetirizine 10mg,Medicines,3,556.67,1670.0,233.8
696,2026-06-24,Tirupati,Chyawanprash,Ayurveda,2,695.0,1390.0,278.0
697,2026-04-25,Karimnagar,Baby Diapers,Baby Care,3,333.33,1000.0,180.0
698,2026-05-26,Karimnagar,Baby Shampoo,Baby Care,1,1240.0,1240.0,223.2
699,2026-06-27,Karimnagar,Vitamin C Tablets,Wellness,5,138.0,690.0,172.5
700,2026-04-28,Bangalore,Chyawanprash,Ayurveda,1,1000.0,1000.0,200.0
701,2026-05-01,Bengaluru,Chyawanprash,Ayurveda,1,850.0,850.0,170.0
702,2026-06-02,Bangalore,Baby Lotion,Baby Care,4,210.0,840.0,
703,2026-04-03,Hyderabad,Chyawanprash,Ayurveda,3,333.33,1000.0,200.0
704,2026-05-04,HYDERABAD,Shampoo,Personal Care,2,580.0,1160.0,255.2
705,2026-06-05,Hyderabad,Shampoo,Personal Care,2,700.0,1400.0,308.0
706,2026-04-06, warangal,Chyawanprash,Ayurveda,3,333.33,1000.0,200.0
707,2026-05-07,Warangal,Face Wash,Personal Care,4,195.0,780.0,171.6
708,2026-06-08, warangal,Baby Shampoo,Baby Care,5,132.0,660.0,118.8
709,2026-04-09,Vijayawada,Ashwagandha Capsules,Ayurveda,3,333.33,1000.0,200.0
710,2026-05-10,VIJAYAWADA,Baby Diapers,Baby Care,2,510.0,1020.0,183.6
711,2026-06-11,Vijayawada,Moisturizer,Personal Care,3,300.0,900.0,198.0
712,2026-04-12,Vizag,Ashwagandha Capsules,Ayurveda,1,1000.0,1000.0,200.0
713,2026-05-13,Visakhapatnam,Shampoo,Personal Care,5,76.0,380.0,83.6
714,2026-06-14,Vizag,Vitamin C Tablets,Wellness,5,152.0,760.0,190.0
715,2026-04-15,Guntur,Azithromycin 500mg,Medicines,5,200.0,1000.0,140.0
716,2026-05-16,GUNTUR,Protein Powder,Wellness,2,1110.95,2221.9,555.48
717,2026-06-17,Guntur,Baby Shampoo,Baby Care,4,399.12,1596.5,287.37
718,2026-04-18, nellore,Azithromycin 500mg,Medicines,3,333.33,1000.0,140.0
719,2026-05-19,Nellore,Shampoo,Personal Care,3,353.33,1060.0,233.2
720,2026-06-20, nellore,Glucometer,Medical Devices,4,275.0,1100.0,176.0
721,2026-04-21,Tirupati,Face Wash,Personal Care,2,500.0,1000.0,220.0
722,2026-05-22,Tirupati,Vitamin C Tablets,Wellness,1,1670.0,1670.0,417.5
723,2026-06-23,Tirupati,Baby Shampoo,Baby Care,4,347.5,1390.0,250.2
724,2026-04-24,Karimnagar,Cetirizine 10mg,Medicines,4,250.0,1000.0,140.0
725,2026-05-25,Karimnagar,Multivitamin Tablets,Wellness,3,413.33,1240.0,310.0
726,2026-06-26,Karimnagar,Vitamin C Tablets,Wellness,2,345.0,690.0,172.5
727,2026-04-27,Bengaluru,Azithromycin 500mg,Medicines,1,1000.0,1000.0,140.0
728,2026-05-28,Bangalore,Vitamin C Tablets,Wellness,4,212.5,850.0,212.5
729,2026-06-01,Bengaluru,Cetirizine 10mg,Medicines,2,420.0,840.0,117.6
730,2026-04-02,HYDERABAD,Baby Diapers,Baby Care,5,200.0,1000.0,180.0
731,2026-05-03,Hyderabad,Paracetamol 500mg,Medicines,1,1160.0,1160.0,162.4
732,2026-06-04,HYDERABAD,Multivitamin Tablets,Wellness,2,700.0,1400.0,350.0
733,2026-04-05,Warangal,Paracetamol 500mg,Medicines,3,333.33,1000.0,140.0
734,2026-05-06, warangal,Face Wash,Personal Care,3,260.0,780.0,171.6
735,2026-06-07,Warangal,Ashwagandha Capsules,Ayurveda,5,132.0,660.0,132.0
736,2026-04-08,VIJAYAWADA,Digital Thermometer,Medical Devices,3,333.33,1000.0,160.0
737,2026-05-09,Vijayawada,Chyawanprash,Ayurveda,5,204.0,1020.0,204.0
738,2026-06-10,VIJAYAWADA,Baby Lotion,Baby Care,1,900.0,900.0,162.0
739,2026-04-11,Visakhapatnam,Protein Powder,Wellness,5,200.0,1000.0,250.0
740,2026-05-12,Vizag,Ashwagandha Capsules,Ayurveda,4,95.0,380.0,76.0
741,2026-06-13,Visakhapatnam,Digital Thermometer,Medical Devices,1,760.0,760.0,121.6
742,2026-04-14,GUNTUR,Multivitamin Tablets,Wellness,3,333.33,1000.0,250.0
743,2026-05-15,Guntur,Baby Diapers,Baby Care,5,444.38,2221.9,399.94
744,2026-06-16,GUNTUR,Baby Shampoo,Baby Care,5,319.3,1596.5,287.37
745,2026-04-17,Nellore,Triphala Tablets,Ayurveda,3,333.33,1000.0,200.0
746,2026-05-18, nellore,Blood Pressure Monitor,Medical Devices,5,212.0,1060.0,169.6
747,2026-06-19,Nellore,Cetirizine 10mg,Medicines,1,1100.0,1100.0,154.0
748,2026-04-20,Tirupati,Digital Thermometer,Medical Devices,4,250.0,1000.0,160.0
749,2026-05-21,Tirupati,Azithromycin 500mg,Medicines,5,334.0,1670.0,233.8
750,2026-06-22,Tirupati,Azithromycin 500mg,Medicines,4,347.5,1390.0,194.6
751,2026-04-23,Karimnagar,Shampoo,Personal Care,4,250.0,1000.0,220.0
752,2026-05-24,Karimnagar,Blood Pressure Monitor,Medical Devices,1,1240.0,1240.0,198.4
753,2026-06-25,Karimnagar,Protein Powder,Wellness,1,690.0,690.0,172.5
754,2026-04-26,Bangalore,Baby Shampoo,Baby Care,1,1000.0,1000.0,180.0
755,2026-05-27,Bengaluru,Baby Lotion,Baby Care,4,212.5,850.0,153.0
756,2026-06-28,Bangalore,Baby Lotion,Baby Care,2,420.0,840.0,
757,2026-04-01,Hyderabad,Baby Shampoo,Baby Care,2,500.0,1000.0,180.0
758,2026-05-02,HYDERABAD,Glucometer,Medical Devices,1,1160.0,1160.0,185.6
759,2026-06-03,Hyderabad,Face Wash,Personal Care,1,1400.0,1400.0,308.0
760,2026-04-04, warangal,Triphala Tablets,Ayurveda,4,250.0,1000.0,200.0
761,2026-05-05,Warangal,Protein Powder,Wellness,2,390.0,780.0,195.0
762,2026-06-06, warangal,Blood Pressure Monitor,Medical Devices,2,330.0,660.0,105.6
763,2026-04-07,Vijayawada,Baby Diapers,Baby Care,5,200.0,1000.0,180.0
764,2026-05-08,VIJAYAWADA,Vitamin C Tablets,Wellness,2,510.0,1020.0,255.0
765,2026-06-09,Vijayawada,Vitamin C Tablets,Wellness,4,225.0,900.0,225.0
766,2026-04-10,Vizag,Vitamin C Tablets,Wellness,4,250.0,1000.0,250.0
767,2026-05-11,Visakhapatnam,Digital Thermometer,Medical Devices,5,76.0,380.0,60.8
768,2026-06-12,Vizag,Digital Thermometer,Medical Devices,2,380.0,760.0,121.6
769,2026-04-13,Guntur,Cetirizine 10mg,Medicines,4,250.0,1000.0,140.0
770,2026-05-14,GUNTUR,Blood Pressure Monitor,Medical Devices,3,740.63,2221.9,355.5
771,2026-06-15,Guntur,Baby Diapers,Baby Care,5,319.3,1596.5,287.37
772,2026-04-16, nellore,Chyawanprash,Ayurveda,5,200.0,1000.0,200.0
773,2026-05-17,Nellore,Ashwagandha Capsules,Ayurveda,3,353.33,1060.0,212.0
774,2026-06-18, nellore,Multivitamin Tablets,Wellness,2,550.0,1100.0,275.0
775,2026-04-19,Tirupati,Multivitamin Tablets,Wellness,5,200.0,1000.0,250.0
776,2026-05-20,Tirupati,Cetirizine 10mg,Medicines,2,835.0,1670.0,233.8
777,2026-06-21,Tirupati,Baby Shampoo,Baby Care,2,695.0,1390.0,250.2
778,2026-04-22,Karimnagar,Cetirizine 10mg,Medicines,4,250.0,1000.0,140.0
779,2026-05-23,Karimnagar,Moisturizer,Personal Care,2,620.0,1240.0,272.8
780,2026-06-24,Karimnagar,Baby Lotion,Baby Care,3,230.0,690.0,124.2
781,2026-04-25,Bengaluru,Digital Thermometer,Medical Devices,4,250.0,1000.0,160.0
782,2026-05-26,Bangalore,Glucometer,Medical Devices,1,850.0,850.0,136.0
783,2026-06-27,Bengaluru,Baby Shampoo,Baby Care,3,280.0,840.0,151.2
784,2026-04-28,HYDERABAD,Cetirizine 10mg,Medicines,1,1000.0,1000.0,140.0
785,2026-05-01,Hyderabad,Baby Shampoo,Baby Care,4,290.0,1160.0,208.8
786,2026-06-02,HYDERABAD,Multivitamin Tablets,Wellness,1,1400.0,1400.0,350.0
787,2026-04-03,Warangal,Blood Pressure Monitor,Medical Devices,5,200.0,1000.0,160.0
788,2026-05-04, warangal,Triphala Tablets,Ayurveda,4,195.0,780.0,156.0
789,2026-06-05,Warangal,Multivitamin Tablets,Wellness,4,165.0,660.0,165.0
790,2026-04-06,VIJAYAWADA,Cetirizine 10mg,Medicines,1,1000.0,1000.0,140.0
791,2026-05-07,Vijayawada,Baby Shampoo,Baby Care,1,1020.0,1020.0,183.6
792,2026-06-08,VIJAYAWADA,Azithromycin 500mg,Medicines,5,180.0,900.0,126.0
793,2026-04-09,Visakhapatnam,Shampoo,Personal Care,2,500.0,1000.0,220.0
794,2026-05-10,Vizag,Multivitamin Tablets,Wellness,5,76.0,380.0,95.0
795,2026-06-11,Visakhapatnam,Multivitamin Tablets,Wellness,2,380.0,760.0,190.0
796,2026-04-12,GUNTUR,Baby Shampoo,Baby Care,5,200.0,1000.0,180.0
797,2026-05-13,Guntur,Baby Shampoo,Baby Care,1,2221.9,2221.9,399.94
798,2026-06-14,GUNTUR,Vitamin C Tablets,Wellness,2,798.25,1596.5,399.12
799,2026-04-15,Nellore,Baby Shampoo,Baby Care,4,250.0,1000.0,180.0
800,2026-05-16, nellore,Baby Shampoo,Baby Care,4,265.0,1060.0,190.8
801,2026-06-17,Nellore,Triphala Tablets,Ayurveda,1,1100.0,1100.0,220.0
802,2026-04-18,Tirupati,Chyawanprash,Ayurveda,2,500.0,1000.0,200.0
803,2026-05-19,Tirupati,Baby Shampoo,Baby Care,3,556.67,1670.0,300.6
804,2026-06-20,Tirupati,Blood Pressure Monitor,Medical Devices,1,1390.0,1390.0,222.4
805,2026-04-21,Karimnagar,Moisturizer,Personal Care,4,250.0,1000.0,220.0
806,2026-05-22,Karimnagar,Cetirizine 10mg,Medicines,5,248.0,1240.0,173.6
807,2026-06-23,Karimnagar,Protein Powder,Wellness,4,172.5,690.0,172.5
808,2026-04-24,Bangalore,Chyawanprash,Ayurveda,1,1000.0,1000.0,200.0
809,2026-05-25,Bengaluru,Chyawanprash,Ayurveda,1,850.0,850.0,170.0
810,2026-06-26,Bangalore,Cetirizine 10mg,Medicines,1,840.0,840.0,117.6
811,2026-04-27,Hyderabad,Paracetamol 500mg,Medicines,1,1000.0,1000.0,140.0
812,2026-05-28,HYDERABAD,Multivitamin Tablets,Wellness,2,580.0,1160.0,290.0
813,2026-06-01,Hyderabad,Paracetamol 500mg,Medicines,1,1400.0,1400.0,196.0
814,2026-04-02, warangal,Ashwagandha Capsules,Ayurveda,1,1000.0,1000.0,200.0
815,2026-05-03,Warangal,Paracetamol 500mg,Medicines,5,156.0,780.0,109.2
816,2026-06-04, warangal,Face Wash,Personal Care,4,165.0,660.0,145.2
817,2026-04-05,Vijayawada,Azithromycin 500mg,Medicines,2,500.0,1000.0,140.0
818,2026-05-06,VIJAYAWADA,Shampoo,Personal Care,4,255.0,1020.0,224.4
819,2026-06-07,Vijayawada,Baby Diapers,Baby Care,2,450.0,900.0,162.0
820,2026-04-08,Vizag,Azithromycin 500mg,Medicines,3,333.33,1000.0,140.0
821,2026-05-09,Visakhapatnam,Glucometer,Medical Devices,1,380.0,380.0,60.8
822,2026-06-10,Vizag,Baby Diapers,Baby Care,1,760.0,760.0,136.8
823,2026-04-11,Guntur,Vitamin C Tablets,Wellness,5,200.0,1000.0,250.0
824,2026-05-12,GUNTUR,Triphala Tablets,Ayurveda,4,555.48,2221.9,444.38
825,2026-06-13,Guntur,Glucometer,Medical Devices,5,319.3,1596.5,255.44
826,2026-04-14, nellore,Face Wash,Personal Care,4,250.0,1000.0,220.0
827,2026-05-15,Nellore,Blood Pressure Monitor,Medical Devices,1,1060.0,1060.0,169.6
828,2026-06-16, nellore,Face Wash,Personal Care,3,366.67,1100.0,242.0
829,2026-04-17,Tirupati,Blood Pressure Monitor,Medical Devices,2,500.0,1000.0,160.0
830,2026-05-18,Tirupati,Protein Powder,Wellness,1,1670.0,1670.0,417.5
831,2026-06-19,Tirupati,Cetirizine 10mg,Medicines,1,1390.0,1390.0,194.6
832,2026-04-20,Karimnagar,Moisturizer,Personal Care,1,1000.0,1000.0,220.0
833,2026-05-21,Karimnagar,Baby Lotion,Baby Care,5,248.0,1240.0,223.2
834,2026-06-22,Karimnagar,Baby Lotion,Baby Care,1,690.0,690.0,124.2
835,2026-04-23,Bengaluru,Azithromycin 500mg,Medicines,3,333.33,1000.0,140.0
836,2026-05-24,Bangalore,Paracetamol 500mg,Medicines,2,425.0,850.0,119.0
837,2026-06-25,Bengaluru,Paracetamol 500mg,,1,840.0,840.0,117.6
838,2026-04-26,HYDERABAD,Vitamin C Tablets,Wellness,2,500.0,1000.0,250.0
839,2026-05-27,Hyderabad,Blood Pressure Monitor,Medical Devices,2,580.0,1160.0,185.6
840,2026-06-28,HYDERABAD,Glucometer,Medical Devices,1,1400.0,1400.0,224.0
841,2026-04-01,Warangal,Digital Thermometer,Medical Devices,4,250.0,1000.0,160.0
842,2026-05-02, warangal,Face Wash,Personal Care,3,260.0,780.0,171.6
843,2026-06-03,Warangal,Protein Powder,Wellness,2,330.0,660.0,165.0
844,2026-04-04,VIJAYAWADA,Baby Lotion,Baby Care,1,1000.0,1000.0,180.0
845,2026-05-05,Vijayawada,Cetirizine 10mg,Medicines,2,510.0,1020.0,142.8
846,2026-06-06,VIJAYAWADA,Digital Thermometer,Medical Devices,4,225.0,900.0,144.0
847,2026-04-07,Visakhapatnam,Azithromycin 500mg,Medicines,5,200.0,1000.0,140.0
848,2026-05-08,Vizag,Cetirizine 10mg,Medicines,2,190.0,380.0,53.2
849,2026-06-09,Visakhapatnam,Glucometer,Medical Devices,4,190.0,760.0,121.6
850,2026-04-10,GUNTUR,Paracetamol 500mg,Medicines,3,333.33,1000.0,140.0
851,2026-05-11,Guntur,Ashwagandha Capsules,Ayurveda,5,444.38,2221.9,444.38
852,2026-06-12,GUNTUR,Moisturizer,Personal Care,5,319.3,1596.5,351.23
853,2026-04-13,Nellore,Moisturizer,Personal Care,2,500.0,1000.0,220.0
854,2026-05-14, nellore,Triphala Tablets,Ayurveda,1,1060.0,1060.0,212.0
855,2026-06-15,Nellore,Baby Diapers,Baby Care,2,550.0,1100.0,198.0
856,2026-04-16,Tirupati,Ashwagandha Capsules,Ayurveda,1,1000.0,1000.0,200.0
857,2026-05-17,Tirupati,Shampoo,Personal Care,4,417.5,1670.0,367.4
858,2026-06-18,Tirupati,Face Wash,Personal Care,5,278.0,1390.0,305.8
859,2026-04-19,Karimnagar,Digital Thermometer,Medical Devices,1,1000.0,1000.0,160.0
860,2026-05-20,Karimnagar,Protein Powder,Wellness,5,248.0,1240.0,310.0
861,2026-06-21,Karimnagar,Face Wash,Personal Care,2,345.0,690.0,151.8
862,2026-04-22,Bangalore,Face Wash,Personal Care,3,333.33,1000.0,
863,2026-05-23,Bengaluru,Ashwagandha Capsules,Ayurveda,1,850.0,850.0,
864,2026-06-24,Bangalore,Blood Pressure Monitor,Medical Devices,4,210.0,840.0,134.4
865,2026-04-25,Hyderabad,Multivitamin Tablets,Wellness,3,333.33,1000.0,250.0
866,2026-05-26,HYDERABAD,Baby Shampoo,Baby Care,5,232.0,1160.0,208.8
867,2026-06-27,Hyderabad,Multivitamin Tablets,Wellness,1,1400.0,1400.0,350.0
868,2026-04-28, warangal,Digital Thermometer,Medical Devices,4,250.0,1000.0,160.0
869,2026-05-01,Warangal,Baby Lotion,Baby Care,3,260.0,780.0,140.4
870,2026-06-02, warangal,Face Wash,Personal Care,4,165.0,660.0,145.2
871,2026-04-03,Vijayawada,Ashwagandha Capsules,Ayurveda,4,250.0,1000.0,200.0
872,2026-05-04,VIJAYAWADA,Triphala Tablets,Ayurveda,2,510.0,1020.0,204.0
873,2026-06-05,Vijayawada,Multivitamin Tablets,Wellness,5,180.0,900.0,225.0
874,2026-04-06,Vizag,Glucometer,Medical Devices,2,500.0,1000.0,160.0
875,2026-05-07,Visakhapatnam,Baby Shampoo,Baby Care,5,76.0,380.0,68.4
876,2026-06-08,Vizag,Cetirizine 10mg,Medicines,2,380.0,760.0,106.4
877,2026-04-09,Guntur,Baby Shampoo,Baby Care,1,1000.0,1000.0,180.0
878,2026-05-10,GUNTUR,Glucometer,Medical Devices,2,1110.95,2221.9,355.5
879,2026-06-11,Guntur,Blood Pressure Monitor,Medical Devices,3,532.17,1596.5,255.44
880,2026-04-12, nellore,Baby Lotion,Baby Care,4,250.0,1000.0,180.0
881,2026-05-13,Nellore,Blood Pressure Monitor,Medical Devices,2,530.0,1060.0,169.6
882,2026-06-14, nellore,Triphala Tablets,Ayurveda,2,550.0,1100.0,220.0
883,2026-04-15,Tirupati,Paracetamol 500mg,,5,200.0,1000.0,140.0
884,2026-05-16,Tirupati,Moisturizer,Personal Care,1,1670.0,1670.0,367.4
885,2026-06-17,Tirupati,Triphala Tablets,Ayurveda,2,695.0,1390.0,278.0
886,2026-04-18,Karimnagar,Vitamin C Tablets,Wellness,2,500.0,1000.0,250.0
887,2026-05-19,Karimnagar,Shampoo,Personal Care,1,1240.0,1240.0,272.8
888,2026-06-20,Karimnagar,Vitamin C Tablets,Wellness,2,345.0,690.0,172.5
889,2026-04-21,Bengaluru,Blood Pressure Monitor,Medical Devices,2,500.0,1000.0,160.0
890,2026-05-22,Bangalore,Triphala Tablets,,2,425.0,850.0,170.0
891,2026-06-23,Bengaluru,Glucometer,Medical Devices,1,840.0,840.0,134.4
892,2026-04-24,HYDERABAD,Protein Powder,Wellness,1,1000.0,1000.0,250.0
893,2026-05-25,Hyderabad,Blood Pressure Monitor,Medical Devices,1,1160.0,1160.0,185.6
894,2026-06-26,HYDERABAD,Face Wash,Personal Care,5,280.0,1400.0,308.0
895,2026-04-27,Warangal,Triphala Tablets,Ayurveda,5,200.0,1000.0,200.0
896,2026-05-28, warangal,Chyawanprash,Ayurveda,4,195.0,780.0,156.0
897,2026-06-01,Warangal,Paracetamol 500mg,Medicines,3,220.0,660.0,92.4
898,2026-04-02,VIJAYAWADA,Face Wash,Personal Care,3,333.33,1000.0,220.0
899,2026-05-03,Vijayawada,Face Wash,Personal Care,4,255.0,1020.0,224.4
900,2026-06-04,VIJAYAWADA,Chyawanprash,Ayurveda,1,900.0,900.0,180.0
901,2026-04-05,Visakhapatnam,Face Wash,Personal Care,2,500.0,1000.0,220.0
902,2026-05-06,Vizag,Baby Lotion,Baby Care,2,190.0,380.0,68.4
903,2026-06-07,Visakhapatnam,Multivitamin Tablets,Wellness,2,380.0,760.0,190.0
904,2026-04-08,GUNTUR,Blood Pressure Monitor,Medical Devices,5,200.0,1000.0,160.0
905,2026-05-09,Guntur,Protein Powder,Wellness,4,555.48,2221.9,555.48
906,2026-06-10,GUNTUR,Baby Diapers,Baby Care,4,399.12,1596.5,287.37
907,2026-04-11,Nellore,Triphala Tablets,Ayurveda,2,500.0,1000.0,200.0
908,2026-05-12, nellore,Glucometer,Medical Devices,4,265.0,1060.0,169.6
909,2026-06-13,Nellore,Azithromycin 500mg,Medicines,5,220.0,1100.0,154.0
910,2026-04-14,Tirupati,Shampoo,Personal Care,1,1000.0,1000.0,220.0
911,2026-05-15,Tirupati,Blood Pressure Monitor,Medical Devices,1,1670.0,1670.0,267.2
912,2026-06-16,Tirupati,Moisturizer,Personal Care,1,1390.0,1390.0,305.8
913,2026-04-17,Karimnagar,Baby Diapers,Baby Care,5,200.0,1000.0,180.0
914,2026-05-18,Karimnagar,Protein Powder,Wellness,4,310.0,1240.0,310.0
915,2026-06-19,Karimnagar,Azithromycin 500mg,Medicines,4,172.5,690.0,96.6
916,2026-04-20,Bangalore,Azithromycin 500mg,Medicines,1,1000.0,1000.0,140.0
917,2026-05-21,Bengaluru,Moisturizer,Personal Care,2,425.0,850.0,187.0
918,2026-06-22,Bangalore,Baby Diapers,Baby Care,5,168.0,840.0,151.2
919,2026-04-23,Hyderabad,Blood Pressure Monitor,,5,200.0,1000.0,160.0
920,2026-05-24,HYDERABAD,Blood Pressure Monitor,Medical Devices,5,232.0,1160.0,185.6
921,2026-06-25,Hyderabad,Multivitamin Tablets,Wellness,2,700.0,1400.0,350.0
922,2026-04-26, warangal,Baby Shampoo,Baby Care,2,500.0,1000.0,180.0
923,2026-05-27,Warangal,Shampoo,Personal Care,4,195.0,780.0,171.6
924,2026-06-28, warangal,Vitamin C Tablets,Wellness,4,165.0,660.0,165.0
925,2026-04-01,Vijayawada,Multivitamin Tablets,Wellness,3,333.33,1000.0,250.0
926,2026-05-02,VIJAYAWADA,Azithromycin 500mg,Medicines,1,1020.0,1020.0,142.8
927,2026-06-03,Vijayawada,Baby Diapers,Baby Care,3,300.0,900.0,162.0
928,2026-04-04,Vizag,Face Wash,Personal Care,1,1000.0,1000.0,220.0
929,2026-05-05,Visakhapatnam,Azithromycin 500mg,Medicines,4,95.0,380.0,53.2
930,2026-06-06,Vizag,Baby Diapers,Baby Care,4,190.0,760.0,136.8
931,2026-04-07,Guntur,Cetirizine 10mg,Medicines,4,250.0,1000.0,140.0
932,2026-05-08,GUNTUR,Cetirizine 10mg,Medicines,1,2221.9,2221.9,311.07
933,2026-06-09,Guntur,Moisturizer,Personal Care,3,532.17,1596.5,351.23
934,2026-04-10, nellore,Baby Lotion,Baby Care,2,500.0,1000.0,180.0
935,2026-05-11,Nellore,Protein Powder,Wellness,1,1060.0,1060.0,265.0
936,2026-06-12, nellore,Digital Thermometer,Medical Devices,3,366.67,1100.0,176.0
937,2026-04-13,Tirupati,Chyawanprash,Ayurveda,3,333.33,1000.0,200.0
938,2026-05-14,Tirupati,Azithromycin 500mg,Medicines,5,334.0,1670.0,233.8
939,2026-06-15,Tirupati,Chyawanprash,Ayurveda,4,347.5,1390.0,278.0
940,2026-04-16,Karimnagar,Chyawanprash,Ayurveda,1,1000.0,1000.0,200.0
941,2026-05-17,Karimnagar,Face Wash,Personal Care,3,413.33,1240.0,
942,2026-06-18,Karimnagar,Baby Shampoo,Baby Care,2,345.0,690.0,124.2
943,2026-04-19,Bengaluru,Face Wash,Personal Care,4,250.0,1000.0,220.0
944,2026-05-20,Bangalore,Cetirizine 10mg,Medicines,1,850.0,850.0,119.0
945,2026-06-21,Bengaluru,Baby Diapers,Baby Care,1,840.0,840.0,151.2
946,2026-04-22,HYDERABAD,Shampoo,Personal Care,2,500.0,1000.0,220.0
947,2026-05-23,Hyderabad,Protein Powder,Wellness,1,1160.0,1160.0,290.0
948,2026-06-24,HYDERABAD,Moisturizer,Personal Care,1,1400.0,1400.0,308.0
949,2026-04-25,Warangal,Protein Powder,Wellness,2,500.0,1000.0,250.0
950,2026-05-26, warangal,Paracetamol 500mg,Medicines,3,260.0,780.0,109.2
951,2026-06-27,Warangal,Face Wash,Personal Care,1,660.0,660.0,145.2
952,2026-04-28,VIJAYAWADA,Baby Shampoo,Baby Care,5,200.0,1000.0,180.0
953,2026-05-01,Vijayawada,Shampoo,Personal Care,5,204.0,1020.0,224.4
954,2026-06-02,VIJAYAWADA,Baby Shampoo,Baby Care,1,900.0,900.0,162.0
955,2026-04-03,Visakhapatnam,Triphala Tablets,Ayurveda,2,500.0,1000.0,200.0
956,2026-05-04,Vizag,Vitamin C Tablets,Wellness,1,380.0,380.0,95.0
957,2026-06-05,Visakhapatnam,Paracetamol 500mg,Medicines,5,152.0,760.0,106.4
958,2026-04-06,GUNTUR,Shampoo,Personal Care,2,500.0,1000.0,220.0
959,2026-05-07,Guntur,Triphala Tablets,Ayurveda,4,555.48,2221.9,
960,2026-06-08,GUNTUR,Cetirizine 10mg,Medicines,2,798.25,1596.5,223.51
961,2026-04-09,Nellore,Protein Powder,Wellness,2,500.0,1000.0,250.0
962,2026-05-10, nellore,Face Wash,Personal Care,2,530.0,1060.0,233.2
963,2026-06-11,Nellore,Moisturizer,Personal Care,2,550.0,1100.0,242.0
964,2026-04-12,Tirupati,Baby Diapers,Baby Care,5,200.0,1000.0,180.0
965,2026-05-13,Tirupati,Blood Pressure Monitor,Medical Devices,2,835.0,1670.0,267.2
966,2026-06-14,Tirupati,Ashwagandha Capsules,Ayurveda,5,278.0,1390.0,
967,2026-04-15,Karimnagar,Glucometer,Medical Devices,4,250.0,1000.0,160.0
968,2026-05-16,Karimnagar,Blood Pressure Monitor,Medical Devices,1,1240.0,1240.0,198.4
969,2026-06-17,Karimnagar,Vitamin C Tablets,Wellness,1,690.0,690.0,172.5
970,2026-04-18,Bangalore,Protein Powder,Wellness,3,333.33,1000.0,250.0
971,2026-05-19,Bengaluru,Moisturizer,Personal Care,3,283.33,850.0,187.0
972,2026-06-20,Bangalore,Blood Pressure Monitor,Medical Devices,5,168.0,840.0,134.4
973,2026-04-21,Hyderabad,Multivitamin Tablets,Wellness,3,333.33,1000.0,250.0
974,2026-05-22,HYDERABAD,Shampoo,Personal Care,3,386.67,1160.0,255.2
975,2026-06-23,Hyderabad,Shampoo,Personal Care,4,350.0,1400.0,308.0
976,2026-04-24, warangal,Digital Thermometer,Medical Devices,3,333.33,1000.0,160.0
977,2026-05-25,Warangal,Cetirizine 10mg,Medicines,2,390.0,780.0,109.2
978,2026-06-26, warangal,Ashwagandha Capsules,Ayurveda,3,220.0,660.0,132.0
979,2026-04-27,Vijayawada,Baby Shampoo,Baby Care,4,250.0,1000.0,180.0
980,2026-05-28,VIJAYAWADA,Blood Pressure Monitor,Medical Devices,4,255.0,1020.0,163.2
981,2026-06-01,Vijayawada,Azithromycin 500mg,Medicines,3,300.0,900.0,126.0
982,2026-04-02,Vizag,Glucometer,Medical Devices,1,1000.0,1000.0,160.0
983,2026-05-03,Visakhapatnam,Baby Lotion,Baby Care,5,76.0,380.0,68.4
984,2026-06-04,Vizag,Baby Lotion,Baby Care,4,190.0,760.0,136.8
985,2026-04-05,Guntur,Azithromycin 500mg,Medicines,3,333.33,1000.0,140.0
986,2026-05-06,GUNTUR,Multivitamin Tablets,Wellness,1,2221.9,2221.9,555.48
987,2026-06-07,Guntur,Vitamin C Tablets,Wellness,5,319.3,1596.5,399.12
988,2026-04-08, nellore,Blood Pressure Monitor,Medical Devices,3,333.33,1000.0,160.0
989,2026-05-09,Nellore,Glucometer,Medical Devices,1,1060.0,1060.0,169.6
990,2026-06-10, nellore,Digital Thermometer,Medical Devices,1,1100.0,1100.0,176.0
991,2026-04-11,Tirupati,Multivitamin Tablets,,4,250.0,1000.0,250.0
992,2026-05-12,Tirupati,Baby Shampoo,Baby Care,2,835.0,1670.0,300.6
993,2026-06-13,Tirupati,Baby Lotion,,2,695.0,1390.0,250.2
994,2026-04-14,Karimnagar,Triphala Tablets,Ayurveda,4,250.0,1000.0,200.0
995,2026-05-15,Karimnagar,Moisturizer,Personal Care,4,310.0,1240.0,272.8
996,2026-06-16,Karimnagar,Chyawanprash,Ayurveda,4,172.5,690.0,138.0
997,2026-04-17,Bengaluru,Glucometer,Medical Devices,1,1000.0,1000.0,160.0
998,2026-05-18,Bangalore,Paracetamol 500mg,Medicines,5,170.0,850.0,119.0
999,2026-06-19,Bengaluru,Blood Pressure Monitor,Medical Devices,3,280.0,840.0,134.4
1000,2026-04-20,HYDERABAD,Baby Shampoo,Baby Care,3,333.33,1000.0,180.0
1001,2026-05-21,Hyderabad,Blood Pressure Monitor,Medical Devices,5,232.0,1160.0,185.6
1002,2026-06-22,HYDERABAD,Vitamin C Tablets,Wellness,1,1400.0,1400.0,350.0
1003,2026-04-23,Warangal,Baby Lotion,Baby Care,4,250.0,1000.0,180.0
1004,2026-05-24, warangal,Moisturizer,Personal Care,1,780.0,780.0,171.6
1005,2026-06-25,Warangal,Multivitamin Tablets,Wellness,4,165.0,660.0,165.0
1006,2026-04-26,VIJAYAWADA,Chyawanprash,Ayurveda,2,500.0,1000.0,200.0
1007,2026-05-27,Vijayawada,Shampoo,Personal Care,4,255.0,1020.0,224.4
1008,2026-06-28,VIJAYAWADA,Blood Pressure Monitor,Medical Devices,1,900.0,900.0,144.0
1009,2026-04-01,Visakhapatnam,Ashwagandha Capsules,Ayurveda,3,333.33,1000.0,200.0
1010,2026-05-02,Vizag,Blood Pressure Monitor,Medical Devices,5,76.0,380.0,60.8
1011,2026-06-03,Visakhapatnam,Blood Pressure Monitor,Medical Devices,3,253.33,760.0,121.6
1012,2026-04-04,GUNTUR,Cetirizine 10mg,Medicines,4,250.0,1000.0,140.0
1013,2026-05-05,Guntur,Vitamin C Tablets,Wellness,5,444.38,2221.9,555.48
1014,2026-06-06,GUNTUR,Azithromycin 500mg,Medicines,4,399.12,1596.5,223.51
1015,2026-04-07,Nellore,Chyawanprash,Ayurveda,5,200.0,1000.0,200.0
1016,2026-05-08, nellore,Moisturizer,Personal Care,1,1060.0,1060.0,233.2
1017,2026-06-09,Nellore,Baby Lotion,Baby Care,5,220.0,1100.0,198.0
1018,2026-04-10,Tirupati,Digital Thermometer,Medical Devices,2,500.0,1000.0,160.0
1019,2026-05-11,Tirupati,Moisturizer,Personal Care,1,1670.0,1670.0,367.4
1020,2026-06-12,Tirupati,Chyawanprash,Ayurveda,4,347.5,1390.0,278.0
1021,2026-04-13,Karimnagar,Digital Thermometer,,5,200.0,1000.0,160.0
1022,2026-05-14,Karimnagar,Multivitamin Tablets,Wellness,2,620.0,1240.0,310.0
1023,2026-06-15,Karimnagar,Ashwagandha Capsules,Ayurveda,1,690.0,690.0,138.0
1024,2026-04-16,Bangalore,Face Wash,Personal Care,1,1000.0,1000.0,220.0
1025,2026-05-17,Bengaluru,Paracetamol 500mg,Medicines,5,170.0,850.0,119.0
1026,2026-06-18,Bangalore,Triphala Tablets,Ayurveda,5,168.0,840.0,168.0
1027,2026-04-19,Hyderabad,Ashwagandha Capsules,Ayurveda,4,250.0,1000.0,200.0
1028,2026-05-20,HYDERABAD,Paracetamol 500mg,Medicines,1,1160.0,1160.0,162.4
1029,2026-06-21,Hyderabad,Moisturizer,Personal Care,5,280.0,1400.0,308.0
1030,2026-04-22, warangal,Shampoo,Personal Care,2,500.0,1000.0,220.0
1031,2026-05-23,Warangal,Paracetamol 500mg,Medicines,4,195.0,780.0,109.2
1032,2026-06-24, warangal,Paracetamol 500mg,Medicines,1,660.0,660.0,92.4
1033,2026-04-25,Vijayawada,Digital Thermometer,Medical Devices,5,200.0,1000.0,160.0
1034,2026-05-26,VIJAYAWADA,Shampoo,Personal Care,5,204.0,1020.0,224.4
1035,2026-06-27,Vijayawada,Triphala Tablets,Ayurveda,3,300.0,900.0,180.0
1036,2026-04-28,Vizag,Vitamin C Tablets,Wellness,2,500.0,1000.0,250.0
1037,2026-05-01,Visakhapatnam,Ashwagandha Capsules,,5,76.0,380.0,76.0
1038,2026-06-02,Vizag,Shampoo,Personal Care,1,760.0,760.0,167.2
1039,2026-04-03,Guntur,Blood Pressure Monitor,Medical Devices,2,500.0,1000.0,160.0
1040,2026-05-04,GUNTUR,Baby Shampoo,Baby Care,3,740.63,2221.9,399.94
1041,2026-06-05,Guntur,Baby Diapers,Baby Care,1,1596.5,1596.5,287.37
1042,2026-04-06, nellore,Glucometer,Medical Devices,4,250.0,1000.0,160.0
1043,2026-05-07,Nellore,Baby Shampoo,Baby Care,4,265.0,1060.0,190.8
1044,2026-06-08, nellore,Blood Pressure Monitor,Medical Devices,3,366.67,1100.0,176.0
1045,2026-04-09,Tirupati,Baby Diapers,Baby Care,2,500.0,1000.0,180.0
1046,2026-05-10,Tirupati,Baby Diapers,Baby Care,1,1670.0,1670.0,300.6
1047,2026-06-11,Tirupati,Digital Thermometer,Medical Devices,4,347.5,1390.0,222.4
1048,2026-04-12,Karimnagar,Glucometer,Medical Devices,4,250.0,1000.0,160.0
1049,2026-05-13,Karimnagar,Moisturizer,Personal Care,1,1240.0,1240.0,272.8
1050,2026-06-14,Karimnagar,Vitamin C Tablets,Wellness,1,690.0,690.0,172.5
1051,2026-04-15,Bengaluru,Protein Powder,Wellness,2,500.0,1000.0,250.0
1052,2026-05-16,Bangalore,Vitamin C Tablets,Wellness,3,283.33,850.0,212.5
1053,2026-06-17,Bengaluru,Glucometer,Medical Devices,5,168.0,840.0,
1054,2026-04-18,HYDERABAD,Blood Pressure Monitor,Medical Devices,4,250.0,1000.0,160.0
1055,2026-05-19,Hyderabad,Shampoo,Personal Care,3,386.67,1160.0,255.2
1056,2026-06-20,HYDERABAD,Moisturizer,Personal Care,1,1400.0,1400.0,308.0
1057,2026-04-21,Warangal,Chyawanprash,Ayurveda,5,200.0,1000.0,200.0
1058,2026-05-22, warangal,Azithromycin 500mg,Medicines,2,390.0,780.0,109.2
1059,2026-06-23,Warangal,Baby Diapers,Baby Care,2,330.0,660.0,118.8
1060,2026-04-24,VIJAYAWADA,Cetirizine 10mg,Medicines,2,500.0,1000.0,140.0
1061,2026-05-25,Vijayawada,Digital Thermometer,Medical Devices,4,255.0,1020.0,163.2
1062,2026-06-26,VIJAYAWADA,Triphala Tablets,Ayurveda,4,225.0,900.0,180.0
1063,2026-04-27,Visakhapatnam,Moisturizer,Personal Care,2,500.0,1000.0,220.0
1064,2026-05-28,Vizag,Glucometer,Medical Devices,1,380.0,380.0,60.8
1065,2026-06-01,Visakhapatnam,Baby Lotion,Baby Care,5,152.0,760.0,136.8
1066,2026-04-02,GUNTUR,Baby Diapers,Baby Care,1,1000.0,1000.0,180.0
1067,2026-05-03,Guntur,Moisturizer,Personal Care,5,444.38,2221.9,488.82
1068,2026-06-04,GUNTUR,Baby Shampoo,Baby Care,4,399.12,1596.5,287.37
1069,2026-04-05,Nellore,Cetirizine 10mg,Medicines,3,333.33,1000.0,140.0
1070,2026-05-06, nellore,Paracetamol 500mg,Medicines,2,530.0,1060.0,148.4
1071,2026-06-07,Nellore,Protein Powder,Wellness,2,550.0,1100.0,275.0
1072,2026-04-08,Tirupati,Moisturizer,Personal Care,1,1000.0,1000.0,220.0
1073,2026-05-09,Tirupati,Ashwagandha Capsules,Ayurveda,3,556.67,1670.0,334.0
1074,2026-06-10,Tirupati,Moisturizer,Personal Care,3,463.33,1390.0,305.8
1075,2026-04-11,Karimnagar,Blood Pressure Monitor,Medical Devices,3,333.33,1000.0,160.0
1076,2026-05-12,Karimnagar,Ashwagandha Capsules,Ayurveda,5,248.0,1240.0,248.0
1077,2026-06-13,Karimnagar,Triphala Tablets,Ayurveda,2,345.0,690.0,138.0
1078,2026-04-14,Bangalore,Ashwagandha Capsules,Ayurveda,1,1000.0,1000.0,200.0
1079,2026-05-15,Bengaluru,Ashwagandha Capsules,Ayurveda,4,212.5,850.0,170.0
1080,2026-06-16,Bangalore,Baby Diapers,Baby Care,3,280.0,840.0,151.2
1081,2026-04-17,Hyderabad,Multivitamin Tablets,Wellness,2,500.0,1000.0,250.0
1082,2026-05-18,HYDERABAD,Digital Thermometer,,1,1160.0,1160.0,185.6
1083,2026-06-19,Hyderabad,Digital Thermometer,Medical Devices,3,466.67,1400.0,224.0
1084,2026-04-20, warangal,Multivitamin Tablets,Wellness,1,1000.0,1000.0,250.0
1085,2026-05-21,Warangal,Cetirizine 10mg,Medicines,1,780.0,780.0,109.2
1086,2026-06-22, warangal,Vitamin C Tablets,Wellness,3,220.0,660.0,165.0
1087,2026-04-23,Vijayawada,Vitamin C Tablets,Wellness,4,250.0,1000.0,250.0
1088,2026-05-24,VIJAYAWADA,Azithromycin 500mg,Medicines,5,204.0,1020.0,142.8
1089,2026-06-25,Vijayawada,Digital Thermometer,Medical Devices,3,300.0,900.0,144.0
1090,2026-04-26,Vizag,Chyawanprash,Ayurveda,3,333.33,1000.0,200.0
1091,2026-05-27,Visakhapatnam,Multivitamin Tablets,Wellness,1,380.0,380.0,95.0
1092,2026-06-28,Vizag,Paracetamol 500mg,Medicines,4,190.0,760.0,106.4
1093,2026-04-01,Guntur,Baby Shampoo,Baby Care,5,200.0,1000.0,180.0
1094,2026-05-02,GUNTUR,Multivitamin Tablets,Wellness,1,2221.9,2221.9,555.48
1095,2026-06-03,Guntur,Vitamin C Tablets,Wellness,5,319.3,1596.5,399.12
1096,2026-04-04, nellore,Face Wash,Personal Care,1,1000.0,1000.0,220.0
1097,2026-05-05,Nellore,Face Wash,Personal Care,2,530.0,1060.0,233.2
1098,2026-06-06, nellore,Baby Lotion,Baby Care,1,1100.0,1100.0,
1099,2026-04-07,Tirupati,Protein Powder,Wellness,4,250.0,1000.0,250.0
1100,2026-05-08,Tirupati,Azithromycin 500mg,Medicines,3,556.67,1670.0,233.8
1101,2026-06-09,Tirupati,Paracetamol 500mg,Medicines,5,278.0,1390.0,194.6
1102,2026-04-10,Karimnagar,Baby Diapers,Baby Care,4,250.0,1000.0,180.0
1103,2026-05-11,Karimnagar,Triphala Tablets,Ayurveda,1,1240.0,1240.0,248.0
1104,2026-06-12,Karimnagar,Multivitamin Tablets,Wellness,5,138.0,690.0,172.5
1105,2026-04-13,Bengaluru,Digital Thermometer,Medical Devices,1,1000.0,1000.0,160.0
1106,2026-05-14,Bangalore,Paracetamol 500mg,Medicines,1,850.0,850.0,119.0
1107,2026-06-15,Bengaluru,Azithromycin 500mg,Medicines,1,840.0,840.0,117.6
1108,2026-04-16,HYDERABAD,Multivitamin Tablets,Wellness,3,333.33,1000.0,250.0
1109,2026-05-17,Hyderabad,Baby Shampoo,Baby Care,3,386.67,1160.0,208.8
1110,2026-06-18,HYDERABAD,Blood Pressure Monitor,Medical Devices,1,1400.0,1400.0,224.0
1111,2026-04-19,Warangal,Protein Powder,Wellness,1,1000.0,1000.0,250.0
1112,2026-05-20, warangal,Protein Powder,Wellness,4,195.0,780.0,195.0
1113,2026-06-21,Warangal,Protein Powder,Wellness,2,330.0,660.0,165.0
1114,2026-04-22,VIJAYAWADA,Shampoo,Personal Care,1,1000.0,1000.0,220.0
1115,2026-05-23,Vijayawada,Azithromycin 500mg,Medicines,2,510.0,1020.0,142.8
1116,2026-06-24,VIJAYAWADA,Protein Powder,Wellness,3,300.0,900.0,225.0
1117,2026-04-25,Visakhapatnam,Azithromycin 500mg,Medicines,5,200.0,1000.0,140.0
1118,2026-05-26,Vizag,Moisturizer,Personal Care,1,380.0,380.0,83.6
1119,2026-06-27,Visakhapatnam,Chyawanprash,Ayurveda,5,152.0,760.0,152.0
1120,2026-04-28,GUNTUR,Azithromycin 500mg,Medicines,3,333.33,1000.0,140.0
1121,2026-05-01,Guntur,Multivitamin Tablets,Wellness,2,1110.95,2221.9,555.48
1122,2026-06-02,GUNTUR,Cetirizine 10mg,Medicines,3,532.17,1596.5,223.51
1123,2026-04-03,Nellore,Moisturizer,Personal Care,2,500.0,1000.0,220.0
1124,2026-05-04, nellore,Ashwagandha Capsules,Ayurveda,2,530.0,1060.0,212.0
1125,2026-06-05,Nellore,Baby Diapers,Baby Care,4,275.0,1100.0,198.0
1126,2026-04-06,Tirupati,Glucometer,Medical Devices,5,200.0,1000.0,160.0
1127,2026-05-07,Tirupati,Multivitamin Tablets,Wellness,1,1670.0,1670.0,417.5
1128,2026-06-08,Tirupati,Digital Thermometer,Medical Devices,5,278.0,1390.0,222.4
1129,2026-04-09,Karimnagar,Multivitamin Tablets,Wellness,3,333.33,1000.0,250.0
1130,2026-05-10,Karimnagar,Shampoo,Personal Care,3,413.33,1240.0,272.8
1131,2026-06-11,Karimnagar,Glucometer,Medical Devices,3,230.0,690.0,110.4
1132,2026-04-12,Bangalore,Baby Shampoo,Baby Care,5,200.0,1000.0,180.0
1133,2026-05-13,Bengaluru,Paracetamol 500mg,Medicines,3,283.33,850.0,119.0
1134,2026-06-14,Bangalore,Baby Shampoo,Baby Care,5,168.0,840.0,151.2
1135,2026-04-15,Hyderabad,Triphala Tablets,Ayurveda,1,1000.0,1000.0,200.0
1136,2026-05-16,HYDERABAD,Blood Pressure Monitor,Medical Devices,3,386.67,1160.0,185.6
1137,2026-06-17,Hyderabad,Protein Powder,Wellness,5,280.0,1400.0,350.0
1138,2026-04-18, warangal,Protein Powder,Wellness,4,250.0,1000.0,250.0
1139,2026-05-19,Warangal,Shampoo,Personal Care,3,260.0,780.0,171.6
1140,2026-06-20, warangal,Moisturizer,Personal Care,5,132.0,660.0,145.2
1141,2026-04-21,Vijayawada,Baby Shampoo,Baby Care,3,333.33,1000.0,180.0
1142,2026-05-22,VIJAYAWADA,Digital Thermometer,Medical Devices,1,1020.0,1020.0,163.2
1143,2026-06-23,Vijayawada,Triphala Tablets,Ayurveda,4,225.0,900.0,180.0
1144,2026-04-24,Vizag,Baby Diapers,Baby Care,3,333.33,1000.0,180.0
1145,2026-05-25,Visakhapatnam,Paracetamol 500mg,Medicines,3,126.67,380.0,53.2
1146,2026-06-26,Vizag,Blood Pressure Monitor,Medical Devices,1,760.0,760.0,121.6
1147,2026-04-27,Guntur,Baby Diapers,Baby Care,3,333.33,1000.0,180.0
1148,2026-05-28,GUNTUR,Ashwagandha Capsules,Ayurveda,3,740.63,2221.9,444.38
1149,2026-06-01,Guntur,Paracetamol 500mg,Medicines,4,399.12,1596.5,223.51
1150,2026-04-02, nellore,Vitamin C Tablets,Wellness,2,500.0,1000.0,250.0
1151,2026-05-03,Nellore,Digital Thermometer,Medical Devices,4,265.0,1060.0,169.6
1152,2026-06-04, nellore,Chyawanprash,Ayurveda,1,1100.0,1100.0,220.0
1153,2026-04-05,Tirupati,Vitamin C Tablets,Wellness,2,500.0,1000.0,250.0
1154,2026-05-06,Tirupati,Baby Lotion,Baby Care,1,1670.0,1670.0,300.6
1155,2026-06-07,Tirupati,Glucometer,Medical Devices,5,278.0,1390.0,222.4
1156,2026-04-08,Karimnagar,Cetirizine 10mg,Medicines,3,333.33,1000.0,140.0
1157,2026-05-09,Karimnagar,Baby Lotion,Baby Care,1,1240.0,1240.0,223.2
1158,2026-06-10,Karimnagar,Ashwagandha Capsules,Ayurveda,3,230.0,690.0,138.0
1159,2026-04-11,Bengaluru,Glucometer,Medical Devices,4,250.0,1000.0,
1160,2026-05-12,Bangalore,Glucometer,Medical Devices,4,212.5,850.0,136.0
1161,2026-06-13,Bengaluru,Baby Diapers,Baby Care,5,168.0,840.0,151.2
1162,2026-04-14,HYDERABAD,Triphala Tablets,Ayurveda,4,250.0,1000.0,200.0
1163,2026-05-15,Hyderabad,Cetirizine 10mg,Medicines,5,232.0,1160.0,162.4
1164,2026-06-16,HYDERABAD,Paracetamol 500mg,Medicines,3,466.67,1400.0,196.0
1165,2026-04-17,Warangal,Baby Shampoo,Baby Care,1,1000.0,1000.0,180.0
1166,2026-05-18, warangal,Triphala Tablets,Ayurveda,4,195.0,780.0,156.0
1167,2026-06-19,Warangal,Cetirizine 10mg,Medicines,2,330.0,660.0,
1168,2026-04-20,VIJAYAWADA,Baby Shampoo,Baby Care,1,1000.0,1000.0,180.0
1169,2026-05-21,Vijayawada,Digital Thermometer,Medical Devices,5,204.0,1020.0,163.2
1170,2026-06-22,VIJAYAWADA,Multivitamin Tablets,Wellness,4,225.0,900.0,225.0
1171,2026-04-23,Visakhapatnam,Baby Lotion,Baby Care,1,1000.0,1000.0,180.0
1172,2026-05-24,Vizag,Baby Shampoo,Baby Care,2,190.0,380.0,68.4
1173,2026-06-25,Visakhapatnam,Protein Powder,Wellness,3,253.33,760.0,190.0
1174,2026-04-26,GUNTUR,Blood Pressure Monitor,Medical Devices,1,1000.0,1000.0,160.0
1175,2026-05-27,Guntur,Triphala Tablets,Ayurveda,1,2221.9,2221.9,444.38
1176,2026-06-28,GUNTUR,Glucometer,Medical Devices,3,532.17,1596.5,255.44
1177,2026-04-01,Nellore,Blood Pressure Monitor,Medical Devices,4,250.0,1000.0,160.0
1178,2026-05-02, nellore,Chyawanprash,Ayurveda,1,1060.0,1060.0,212.0
1179,2026-06-03,Nellore,Ashwagandha Capsules,Ayurveda,2,550.0,1100.0,
1180,2026-04-04,Tirupati,Baby Shampoo,Baby Care,4,250.0,1000.0,180.0
1181,2026-05-05,Tirupati,Blood Pressure Monitor,Medical Devices,3,556.67,1670.0,267.2
1182,2026-06-06,Tirupati,Cetirizine 10mg,Medicines,2,695.0,1390.0,194.6
1183,2026-04-07,Karimnagar,Shampoo,Personal Care,1,1000.0,1000.0,220.0
1184,2026-05-08,Karimnagar,Moisturizer,Personal Care,5,248.0,1240.0,272.8
1185,2026-06-09,Karimnagar,Baby Shampoo,Baby Care,5,138.0,690.0,124.2
1186,2026-04-10,Bangalore,Multivitamin Tablets,Wellness,2,500.0,1000.0,250.0
1187,2026-05-11,Bengaluru,Multivitamin Tablets,Wellness,5,170.0,850.0,212.5
1188,2026-06-12,Bangalore,Paracetamol 500mg,Medicines,2,420.0,840.0,117.6
1189,2026-04-13,Hyderabad,Protein Powder,Wellness,4,250.0,1000.0,250.0
1190,2026-05-14,HYDERABAD,Glucometer,Medical Devices,5,232.0,1160.0,185.6
1191,2026-06-15,Hyderabad,Cetirizine 10mg,Medicines,4,350.0,1400.0,196.0
1192,2026-04-16, warangal,Blood Pressure Monitor,Medical Devices,5,200.0,1000.0,160.0
1193,2026-05-17,Warangal,Triphala Tablets,Ayurveda,4,195.0,780.0,156.0
1194,2026-06-18, warangal,Triphala Tablets,Ayurveda,3,220.0,660.0,132.0
1195,2026-04-19,Vijayawada,Blood Pressure Monitor,Medical Devices,1,1000.0,1000.0,
1196,2026-05-20,VIJAYAWADA,Ashwagandha Capsules,Ayurveda,5,204.0,1020.0,204.0
1197,2026-06-21,Vijayawada,Glucometer,Medical Devices,5,180.0,900.0,144.0
1198,2026-04-22,Vizag,Protein Powder,Wellness,3,333.33,1000.0,250.0
1199,2026-05-23,Visakhapatnam,Ashwagandha Capsules,Ayurveda,3,126.67,380.0,76.0
1200,2026-06-24,Vizag,Digital Thermometer,Medical Devices,4,190.0,760.0,
1201,2026-04-25,Guntur,Paracetamol 500mg,Medicines,3,333.33,1000.0,140.0
1202,2026-05-26,GUNTUR,Protein Powder,Wellness,3,740.63,2221.9,555.48
1203,2026-06-27,Guntur,Triphala Tablets,Ayurveda,2,798.25,1596.5,319.3
1204,2026-04-28, nellore,Digital Thermometer,Medical Devices,4,250.0,1000.0,160.0
1205,2026-05-01,Nellore,Azithromycin 500mg,Medicines,5,212.0,1060.0,148.4
1206,2026-06-02, nellore,Chyawanprash,Ayurveda,4,275.0,1100.0,220.0
1207,2026-04-03,Tirupati,Triphala Tablets,Ayurveda,3,333.33,1000.0,200.0
1208,2026-05-04,Tirupati,Baby Diapers,Baby Care,1,1670.0,1670.0,300.6
1209,2026-06-05,Tirupati,Blood Pressure Monitor,Medical Devices,2,695.0,1390.0,222.4
1210,2026-04-06,Karimnagar,Baby Shampoo,Baby Care,3,333.33,1000.0,180.0
1211,2026-05-07,Karimnagar,Triphala Tablets,Ayurveda,4,310.0,1240.0,248.0
1212,2026-06-08,Karimnagar,Cetirizine 10mg,Medicines,4,172.5,690.0,96.6
1213,2026-04-09,Bengaluru,Glucometer,Medical Devices,3,333.33,1000.0,160.0
1214,2026-05-10,Bangalore,Triphala Tablets,Ayurveda,2,425.0,850.0,170.0
1215,2026-06-11,Bengaluru,Digital Thermometer,Medical Devices,3,280.0,840.0,134.4
1216,2026-04-12,HYDERABAD,Azithromycin 500mg,Medicines,2,500.0,1000.0,140.0
1217,2026-05-13,Hyderabad,Shampoo,Personal Care,1,1160.0,1160.0,255.2
1218,2026-06-14,HYDERABAD,Cetirizine 10mg,Medicines,5,280.0,1400.0,196.0
1219,2026-04-15,Warangal,Cetirizine 10mg,Medicines,4,250.0,1000.0,140.0
1220,2026-05-16, warangal,Moisturizer,Personal Care,2,390.0,780.0,171.6
1221,2026-06-17,Warangal,Azithromycin 500mg,Medicines,2,330.0,660.0,92.4
1222,2026-04-18,VIJAYAWADA,Multivitamin Tablets,Wellness,4,250.0,1000.0,250.0
1223,2026-05-19,Vijayawada,Multivitamin Tablets,Wellness,1,1020.0,1020.0,255.0
1224,2026-06-20,VIJAYAWADA,Multivitamin Tablets,Wellness,5,180.0,900.0,225.0
1225,2026-04-21,Visakhapatnam,Azithromycin 500mg,Medicines,4,250.0,1000.0,140.0
1226,2026-05-22,Vizag,Ashwagandha Capsules,Ayurveda,4,95.0,380.0,76.0
1227,2026-06-23,Visakhapatnam,Triphala Tablets,Ayurveda,3,253.33,760.0,152.0
1228,2026-04-24,GUNTUR,Vitamin C Tablets,Wellness,3,333.33,1000.0,250.0
1229,2026-05-25,Guntur,Ashwagandha Capsules,Ayurveda,5,444.38,2221.9,444.38
1230,2026-06-26,GUNTUR,Cetirizine 10mg,Medicines,1,1596.5,1596.5,223.51
1231,2026-04-27,Nellore,Face Wash,Personal Care,4,250.0,1000.0,220.0
1232,2026-05-28, nellore,Moisturizer,Personal Care,5,212.0,1060.0,233.2
1233,2026-06-01,Nellore,Baby Diapers,Baby Care,5,220.0,1100.0,
1234,2026-04-02,Tirupati,Baby Diapers,Baby Care,2,500.0,1000.0,180.0
1235,2026-05-03,Tirupati,Glucometer,Medical Devices,1,1670.0,1670.0,
1236,2026-06-04,Tirupati,Ashwagandha Capsules,Ayurveda,3,463.33,1390.0,278.0
1237,2026-04-05,Karimnagar,Multivitamin Tablets,Wellness,1,1000.0,1000.0,
1238,2026-05-06,Karimnagar,Baby Shampoo,Baby Care,2,620.0,1240.0,223.2
1239,2026-06-07,Karimnagar,Multivitamin Tablets,Wellness,1,690.0,690.0,172.5
1240,2026-04-08,Bangalore,Face Wash,Personal Care,3,333.33,1000.0,220.0
1241,2026-05-09,Bengaluru,Baby Diapers,Baby Care,4,212.5,850.0,153.0
1242,2026-06-10,Bangalore,Triphala Tablets,Ayurveda,4,210.0,840.0,168.0
1243,2026-04-11,Hyderabad,Baby Diapers,Baby Care,4,250.0,1000.0,180.0
1244,2026-05-12,HYDERABAD,Blood Pressure Monitor,Medical Devices,4,290.0,1160.0,185.6
1245,2026-06-13,Hyderabad,Vitamin C Tablets,Wellness,4,350.0,1400.0,
1246,2026-04-14, warangal,Cetirizine 10mg,Medicines,3,333.33,1000.0,140.0
1247,2026-05-15,Warangal,Glucometer,Medical Devices,2,390.0,780.0,124.8
1248,2026-06-16, warangal,Shampoo,Personal Care,2,330.0,660.0,
1249,2026-04-17,Vijayawada,Cetirizine 10mg,Medicines,2,500.0,1000.0,140.0
1250,2026-05-18,VIJAYAWADA,Baby Shampoo,Baby Care,3,340.0,1020.0,183.6
1251,2026-06-19,Vijayawada,Shampoo,Personal Care,5,180.0,900.0,198.0
1252,2026-04-20,Vizag,Ashwagandha Capsules,Ayurveda,4,250.0,1000.0,200.0
1253,2026-05-21,Visakhapatnam,Face Wash,Personal Care,2,190.0,380.0,83.6
1254,2026-06-22,Vizag,Moisturizer,Personal Care,4,190.0,760.0,167.2
1255,2026-04-23,Guntur,Baby Shampoo,Baby Care,3,333.33,1000.0,180.0
1256,2026-05-24,GUNTUR,Paracetamol 500mg,Medicines,3,740.63,2221.9,311.07
1257,2026-06-25,Guntur,Baby Lotion,Baby Care,1,1596.5,1596.5,287.37
1258,2026-04-26, nellore,Digital Thermometer,Medical Devices,3,333.33,1000.0,160.0
1259,2026-05-27,Nellore,Moisturizer,Personal Care,5,212.0,1060.0,233.2
1260,2026-06-28, nellore,Moisturizer,Personal Care,3,366.67,1100.0,242.0
1261,2026-04-01,Tirupati,Baby Diapers,Baby Care,1,1000.0,1000.0,180.0
1262,2026-05-02,Tirupati,Vitamin C Tablets,Wellness,2,835.0,1670.0,417.5
1263,2026-06-03,Tirupati,Baby Diapers,Baby Care,3,463.33,1390.0,250.2
1264,2026-04-04,Karimnagar,Cetirizine 10mg,Medicines,5,200.0,1000.0,140.0
1265,2026-05-05,Karimnagar,Baby Diapers,Baby Care,5,248.0,1240.0,223.2
1266,2026-06-06,Karimnagar,Face Wash,Personal Care,3,230.0,690.0,151.8
1267,2026-04-07,Bengaluru,Multivitamin Tablets,Wellness,4,250.0,1000.0,250.0
1268,2026-05-08,Bangalore,Vitamin C Tablets,Wellness,3,283.33,850.0,212.5
1269,2026-06-09,Bengaluru,Cetirizine 10mg,Medicines,3,280.0,840.0,117.6
1270,2026-04-10,HYDERABAD,Chyawanprash,Ayurveda,4,250.0,1000.0,200.0
1271,2026-05-11,Hyderabad,Blood Pressure Monitor,Medical Devices,2,580.0,1160.0,
1272,2026-06-12,HYDERABAD,Ashwagandha Capsules,Ayurveda,1,1400.0,1400.0,280.0
1273,2026-04-13,Warangal,Shampoo,Personal Care,3,333.33,1000.0,220.0
1274,2026-05-14, warangal,Shampoo,Personal Care,1,780.0,780.0,171.6
1275,2026-06-15,Warangal,Vitamin C Tablets,Wellness,2,330.0,660.0,165.0
1276,2026-04-16,VIJAYAWADA,Blood Pressure Monitor,Medical Devices,3,333.33,1000.0,
1277,2026-05-17,Vijayawada,Cetirizine 10mg,Medicines,1,1020.0,1020.0,142.8
1278,2026-06-18,VIJAYAWADA,Blood Pressure Monitor,Medical Devices,2,450.0,900.0,144.0
1279,2026-04-19,Visakhapatnam,Blood Pressure Monitor,Medical Devices,5,200.0,1000.0,160.0
1280,2026-05-20,Vizag,Multivitamin Tablets,Wellness,5,76.0,380.0,95.0
1281,2026-06-21,Visakhapatnam,Baby Lotion,Baby Care,3,253.33,760.0,136.8
1282,2026-04-22,GUNTUR,Azithromycin 500mg,Medicines,2,500.0,1000.0,140.0
1283,2026-05-23,Guntur,Ashwagandha Capsules,Ayurveda,1,2221.9,2221.9,444.38
1284,2026-06-24,GUNTUR,Azithromycin 500mg,Medicines,3,532.17,1596.5,223.51
1285,2026-04-25,Nellore,Shampoo,Personal Care,5,200.0,1000.0,220.0
1286,2026-05-26, nellore,Blood Pressure Monitor,Medical Devices,3,353.33,1060.0,169.6
1287,2026-06-27,Nellore,Vitamin C Tablets,Wellness,4,275.0,1100.0,275.0
1288,2026-04-28,Tirupati,Paracetamol 500mg,Medicines,3,333.33,1000.0,140.0
1289,2026-05-01,Tirupati,Protein Powder,Wellness,1,1670.0,1670.0,417.5
1290,2026-06-02,Tirupati,Triphala Tablets,Ayurveda,2,695.0,1390.0,278.0
1291,2026-04-03,Karimnagar,Azithromycin 500mg,Medicines,1,1000.0,1000.0,140.0
1292,2026-05-04,Karimnagar,Azithromycin 500mg,Medicines,4,310.0,1240.0,173.6
1293,2026-06-05,Karimnagar,Cetirizine 10mg,Medicines,3,230.0,690.0,96.6
1294,2026-04-06,Bangalore,Blood Pressure Monitor,Medical Devices,3,333.33,1000.0,160.0
1295,2026-05-07,Bengaluru,Protein Powder,Wellness,3,283.33,850.0,212.5
1296,2026-06-08,Bangalore,Glucometer,Medical Devices,2,420.0,840.0,134.4
1297,2026-04-09,Hyderabad,Moisturizer,Personal Care,2,500.0,1000.0,220.0
1298,2026-05-10,HYDERABAD,Baby Shampoo,Baby Care,5,232.0,1160.0,208.8
1299,2026-06-11,Hyderabad,Chyawanprash,Ayurveda,5,280.0,1400.0,280.0
1300,2026-04-12, warangal,Baby Lotion,Baby Care,1,1000.0,1000.0,180.0
1301,2026-05-13,Warangal,Moisturizer,Personal Care,2,390.0,780.0,171.6
1302,2026-06-14, warangal,Blood Pressure Monitor,Medical Devices,3,220.0,660.0,105.6
1303,2026-04-15,Vijayawada,Baby Shampoo,Baby Care,5,200.0,1000.0,180.0
1304,2026-05-16,VIJAYAWADA,Azithromycin 500mg,Medicines,5,204.0,1020.0,142.8
1305,2026-06-17,Vijayawada,Triphala Tablets,Ayurveda,2,450.0,900.0,180.0
1306,2026-04-18,Vizag,Baby Lotion,Baby Care,2,500.0,1000.0,180.0
1307,2026-05-19,Visakhapatnam,Triphala Tablets,Ayurveda,3,126.67,380.0,76.0
1308,2026-06-20,Vizag,Baby Diapers,Baby Care,1,760.0,760.0,136.8
1309,2026-04-21,Guntur,Multivitamin Tablets,Wellness,5,200.0,1000.0,250.0
1310,2026-05-22,GUNTUR,Paracetamol 500mg,Medicines,4,555.48,2221.9,
1311,2026-06-23,Guntur,Face Wash,Personal Care,5,319.3,1596.5,351.23
1312,2026-04-24, nellore,Shampoo,Personal Care,2,500.0,1000.0,
1313,2026-05-25,Nellore,Glucometer,Medical Devices,3,353.33,1060.0,169.6
1314,2026-06-26, nellore,Multivitamin Tablets,Wellness,2,550.0,1100.0,275.0
1315,2026-04-27,Tirupati,Multivitamin Tablets,Wellness,3,333.33,1000.0,250.0
1316,2026-05-28,Tirupati,Chyawanprash,Ayurveda,2,835.0,1670.0,334.0
1317,2026-06-01,Tirupati,Baby Shampoo,Baby Care,3,463.33,1390.0,250.2
1318,2026-04-02,Karimnagar,Ashwagandha Capsules,Ayurveda,3,333.33,1000.0,200.0
1319,2026-05-03,Karimnagar,Vitamin C Tablets,Wellness,3,413.33,1240.0,310.0
1320,2026-06-04,Karimnagar,Cetirizine 10mg,Medicines,5,138.0,690.0,96.6
1321,2026-04-05,Bengaluru,Multivitamin Tablets,Wellness,3,333.33,1000.0,250.0
1322,2026-05-06,Bangalore,Baby Diapers,Baby Care,5,170.0,850.0,153.0
1323,2026-06-07,Bengaluru,Moisturizer,Personal Care,5,168.0,840.0,184.8
1324,2026-04-08,HYDERABAD,Chyawanprash,Ayurveda,1,1000.0,1000.0,
1325,2026-05-09,Hyderabad,Glucometer,Medical Devices,1,1160.0,1160.0,185.6
1326,2026-06-10,HYDERABAD,Baby Diapers,Baby Care,4,350.0,1400.0,252.0
1327,2026-04-11,Warangal,Cetirizine 10mg,Medicines,2,500.0,1000.0,140.0
1328,2026-05-12, warangal,Chyawanprash,Ayurveda,4,195.0,780.0,156.0
1329,2026-06-13,Warangal,Baby Diapers,Baby Care,1,660.0,660.0,118.8
1330,2026-04-14,VIJAYAWADA,Baby Lotion,Baby Care,4,250.0,1000.0,180.0
1331,2026-05-15,Vijayawada,Protein Powder,Wellness,2,510.0,1020.0,255.0
1332,2026-06-16,VIJAYAWADA,Digital Thermometer,Medical Devices,5,180.0,900.0,144.0
1333,2026-04-17,Visakhapatnam,Paracetamol 500mg,Medicines,3,333.33,1000.0,140.0
1334,2026-05-18,Vizag,Ashwagandha Capsules,Ayurveda,5,76.0,380.0,76.0
1335,2026-06-19,Visakhapatnam,Digital Thermometer,Medical Devices,1,760.0,760.0,121.6
1336,2026-04-20,GUNTUR,Multivitamin Tablets,Wellness,1,1000.0,1000.0,250.0
1337,2026-05-21,Guntur,Chyawanprash,Ayurveda,2,1110.95,2221.9,444.38
1338,2026-06-22,GUNTUR,Ashwagandha Capsules,Ayurveda,4,399.12,1596.5,319.3
1339,2026-04-23,Nellore,Face Wash,Personal Care,2,500.0,1000.0,220.0
1340,2026-05-24, nellore,Multivitamin Tablets,Wellness,2,530.0,1060.0,265.0
1341,2026-06-25,Nellore,Chyawanprash,Ayurveda,2,550.0,1100.0,220.0
1342,2026-04-26,Tirupati,Multivitamin Tablets,Wellness,4,250.0,1000.0,250.0
1343,2026-05-27,Tirupati,Multivitamin Tablets,Wellness,2,835.0,1670.0,417.5
1344,2026-06-28,Tirupati,Glucometer,Medical Devices,1,1390.0,1390.0,222.4
1345,2026-04-01,Karimnagar,Ashwagandha Capsules,,2,500.0,1000.0,200.0
1346,2026-05-02,Karimnagar,Paracetamol 500mg,Medicines,5,248.0,1240.0,173.6
1347,2026-06-03,Karimnagar,Paracetamol 500mg,Medicines,5,138.0,690.0,96.6
1348,2026-04-04,Bangalore,Azithromycin 500mg,Medicines,5,200.0,1000.0,140.0
1349,2026-05-05,Bengaluru,Blood Pressure Monitor,Medical Devices,2,425.0,850.0,
1350,2026-06-06,Bangalore,Glucometer,Medical Devices,4,210.0,840.0,134.4
1351,2026-04-07,Hyderabad,Baby Lotion,Baby Care,2,500.0,1000.0,180.0
1352,2026-05-08,HYDERABAD,Digital Thermometer,Medical Devices,3,386.67,1160.0,185.6
1353,2026-06-09,Hyderabad,Baby Shampoo,Baby Care,3,466.67,1400.0,252.0
1354,2026-04-10, warangal,Moisturizer,Personal Care,4,250.0,1000.0,220.0
1355,2026-05-11,Warangal,Vitamin C Tablets,Wellness,2,390.0,780.0,195.0
1356,2026-06-12, warangal,Digital Thermometer,Medical Devices,5,132.0,660.0,105.6
1357,2026-04-13,Vijayawada,Paracetamol 500mg,Medicines,3,333.33,1000.0,140.0
1358,2026-05-14,VIJAYAWADA,Baby Diapers,Baby Care,1,1020.0,1020.0,183.6
1359,2026-06-15,Vijayawada,Azithromycin 500mg,,3,300.0,900.0,126.0
1360,2026-04-16,Vizag,Face Wash,Personal Care,4,250.0,1000.0,220.0
1361,2026-05-17,Visakhapatnam,Moisturizer,Personal Care,4,95.0,380.0,83.6
1362,2026-06-18,Vizag,Cetirizine 10mg,Medicines,3,253.33,760.0,
1363,2026-04-19,Guntur,Shampoo,Personal Care,2,500.0,1000.0,220.0
1364,2026-05-20,GUNTUR,Multivitamin Tablets,Wellness,1,2221.9,2221.9,555.48
1365,2026-06-21,Guntur,Multivitamin Tablets,Wellness,2,798.25,1596.5,399.12
1366,2026-04-22, nellore,Cetirizine 10mg,Medicines,4,250.0,1000.0,140.0
1367,2026-05-23,Nellore,Multivitamin Tablets,Wellness,4,265.0,1060.0,265.0
1368,2026-06-24, nellore,Blood Pressure Monitor,Medical Devices,4,275.0,1100.0,176.0
1369,2026-04-25,Tirupati,Protein Powder,Wellness,2,500.0,1000.0,250.0
1370,2026-05-26,Tirupati,Digital Thermometer,Medical Devices,1,1670.0,1670.0,267.2
1371,2026-06-27,Tirupati,Protein Powder,Wellness,5,278.0,1390.0,347.5
1372,2026-04-28,Karimnagar,Cetirizine 10mg,Medicines,5,200.0,1000.0,140.0
1373,2026-05-01,Karimnagar,Triphala Tablets,Ayurveda,3,413.33,1240.0,248.0
1374,2026-06-02,Karimnagar,Chyawanprash,Ayurveda,5,138.0,690.0,138.0
1375,2026-04-03,Bengaluru,Baby Diapers,Baby Care,5,200.0,1000.0,180.0
1376,2026-05-04,Bangalore,Baby Lotion,Baby Care,2,425.0,850.0,153.0
1377,2026-06-05,Bengaluru,Paracetamol 500mg,Medicines,4,210.0,840.0,117.6
1378,2026-04-06,HYDERABAD,Ashwagandha Capsules,Ayurveda,1,1000.0,1000.0,200.0
1379,2026-05-07,Hyderabad,Face Wash,Personal Care,2,580.0,1160.0,255.2
1380,2026-06-08,HYDERABAD,Cetirizine 10mg,Medicines,4,350.0,1400.0,196.0
1381,2026-04-09,Warangal,Multivitamin Tablets,Wellness,4,250.0,1000.0,250.0
1382,2026-05-10, warangal,Paracetamol 500mg,Medicines,4,195.0,780.0,109.2
1383,2026-06-11,Warangal,Azithromycin 500mg,Medicines,1,660.0,660.0,92.4
1384,2026-04-12,VIJAYAWADA,Blood Pressure Monitor,Medical Devices,5,200.0,1000.0,160.0
1385,2026-05-13,Vijayawada,Blood Pressure Monitor,Medical Devices,4,255.0,1020.0,163.2
1386,2026-06-14,VIJAYAWADA,Blood Pressure Monitor,Medical Devices,3,300.0,900.0,144.0
1387,2026-04-15,Visakhapatnam,Baby Shampoo,Baby Care,4,250.0,1000.0,180.0
1388,2026-05-16,Vizag,Glucometer,Medical Devices,5,76.0,380.0,60.8
1389,2026-06-17,Visakhapatnam,Baby Lotion,Baby Care,4,190.0,760.0,136.8
1390,2026-04-18,GUNTUR,Digital Thermometer,Medical Devices,5,200.0,1000.0,160.0
1391,2026-05-19,Guntur,Face Wash,Personal Care,4,555.48,2221.9,488.82
1392,2026-06-20,GUNTUR,Glucometer,Medical Devices,4,399.12,1596.5,255.44
1393,2026-04-21,Nellore,Azithromycin 500mg,Medicines,2,500.0,1000.0,140.0
1394,2026-05-22, nellore,Vitamin C Tablets,Wellness,2,530.0,1060.0,265.0
1395,2026-06-23,Nellore,Baby Diapers,Baby Care,4,275.0,1100.0,198.0
1396,2026-04-24,Tirupati,Multivitamin Tablets,,5,200.0,1000.0,250.0
1397,2026-05-25,Tirupati,Digital Thermometer,Medical Devices,4,417.5,1670.0,267.2
1398,2026-06-26,Tirupati,Azithromycin 500mg,Medicines,2,695.0,1390.0,194.6
1399,2026-04-27,Karimnagar,Digital Thermometer,Medical Devices,5,200.0,1000.0,160.0
1400,2026-05-28,Karimnagar,Baby Lotion,Baby Care,4,310.0,1240.0,223.2
1401,2026-06-01,Karimnagar,Multivitamin Tablets,Wellness,3,230.0,690.0,172.5
1402,2026-04-02,Bangalore,Glucometer,Medical Devices,3,333.33,1000.0,160.0
1403,2026-05-03,Bengaluru,Face Wash,Personal Care,3,283.33,850.0,187.0
1404,2026-06-04,Bangalore,Vitamin C Tablets,Wellness,4,210.0,840.0,210.0
1405,2026-04-05,Hyderabad,Ashwagandha Capsules,Ayurveda,2,500.0,1000.0,200.0
1406,2026-05-06,HYDERABAD,Baby Diapers,Baby Care,2,580.0,1160.0,208.8
1407,2026-06-07,Hyderabad,Glucometer,Medical Devices,3,466.67,1400.0,224.0
1408,2026-04-08, warangal,Baby Lotion,Baby Care,4,250.0,1000.0,180.0
1409,2026-05-09,Warangal,Blood Pressure Monitor,Medical Devices,2,390.0,780.0,124.8
1410,2026-06-10, warangal,Paracetamol 500mg,Medicines,3,220.0,660.0,92.4
1411,2026-04-11,Vijayawada,Baby Shampoo,Baby Care,4,250.0,1000.0,180.0
1412,2026-05-12,VIJAYAWADA,Face Wash,Personal Care,5,204.0,1020.0,224.4
1413,2026-06-13,Vijayawada,Cetirizine 10mg,Medicines,1,900.0,900.0,126.0
1414,2026-04-14,Vizag,Triphala Tablets,Ayurveda,2,500.0,1000.0,200.0
1415,2026-05-15,Visakhapatnam,Baby Diapers,Baby Care,1,380.0,380.0,68.4
1416,2026-06-16,Vizag,Ashwagandha Capsules,Ayurveda,5,152.0,760.0,152.0
1417,2026-04-17,Guntur,Moisturizer,Personal Care,1,1000.0,1000.0,220.0
1418,2026-05-18,GUNTUR,Multivitamin Tablets,Wellness,3,740.63,2221.9,555.48
1419,2026-06-19,Guntur,Paracetamol 500mg,Medicines,3,532.17,1596.5,223.51
1420,2026-04-20, nellore,Face Wash,Personal Care,3,333.33,1000.0,220.0
1421,2026-05-21,Nellore,Baby Diapers,Baby Care,2,530.0,1060.0,190.8
1422,2026-06-22, nellore,Face Wash,Personal Care,4,275.0,1100.0,242.0
1423,2026-04-23,Tirupati,Triphala Tablets,Ayurveda,4,250.0,1000.0,200.0
1424,2026-05-24,Tirupati,Paracetamol 500mg,Medicines,4,417.5,1670.0,233.8
1425,2026-06-25,Tirupati,Triphala Tablets,Ayurveda,3,463.33,1390.0,278.0
1426,2026-04-26,Karimnagar,Baby Shampoo,Baby Care,2,500.0,1000.0,180.0
1427,2026-05-27,Karimnagar,Cetirizine 10mg,Medicines,4,310.0,1240.0,173.6
1428,2026-06-28,Karimnagar,Baby Lotion,Baby Care,4,172.5,690.0,124.2
1429,2026-04-01,Bengaluru,Ashwagandha Capsules,Ayurveda,3,333.33,1000.0,200.0
1430,2026-05-02,Bangalore,Cetirizine 10mg,Medicines,2,425.0,850.0,119.0
1431,2026-06-03,Bengaluru,Ashwagandha Capsules,Ayurveda,2,420.0,840.0,168.0
1432,2026-04-04,HYDERABAD,Protein Powder,Wellness,3,333.33,1000.0,250.0
1433,2026-05-05,Hyderabad,Multivitamin Tablets,Wellness,4,290.0,1160.0,290.0
1434,2026-06-06,HYDERABAD,Multivitamin Tablets,Wellness,1,1400.0,1400.0,350.0
1435,2026-04-07,Warangal,Glucometer,Medical Devices,3,333.33,1000.0,160.0
1436,2026-05-08, warangal,Ashwagandha Capsules,Ayurveda,2,390.0,780.0,156.0
1437,2026-06-09,Warangal,Digital Thermometer,Medical Devices,1,660.0,660.0,105.6
1438,2026-04-10,VIJAYAWADA,Azithromycin 500mg,Medicines,1,1000.0,1000.0,140.0
1439,2026-05-11,Vijayawada,Shampoo,Personal Care,1,1020.0,1020.0,224.4
1440,2026-06-12,VIJAYAWADA,Moisturizer,Personal Care,4,225.0,900.0,198.0
1441,2026-04-13,Visakhapatnam,Blood Pressure Monitor,Medical Devices,2,500.0,1000.0,160.0
1442,2026-05-14,Vizag,Glucometer,Medical Devices,5,76.0,380.0,60.8
1443,2026-06-15,Visakhapatnam,Glucometer,Medical Devices,2,380.0,760.0,121.6
1444,2026-04-16,GUNTUR,Digital Thermometer,Medical Devices,4,250.0,1000.0,160.0
1445,2026-05-17,Guntur,Digital Thermometer,Medical Devices,4,555.48,2221.9,355.5
1446,2026-06-18,GUNTUR,Digital Thermometer,Medical Devices,5,319.3,1596.5,255.44
1447,2026-04-19,Nellore,Ashwagandha Capsules,Ayurveda,1,1000.0,1000.0,200.0
1448,2026-05-20, nellore,Blood Pressure Monitor,Medical Devices,5,212.0,1060.0,169.6
1449,2026-06-21,Nellore,Ashwagandha Capsules,Ayurveda,2,550.0,1100.0,220.0
1450,2026-04-22,Tirupati,Cetirizine 10mg,Medicines,4,250.0,1000.0,140.0
1451,2026-05-23,Tirupati,Baby Shampoo,Baby Care,5,334.0,1670.0,300.6
1452,2026-06-24,Tirupati,Face Wash,Personal Care,5,278.0,1390.0,305.8
1453,2026-04-25,Karimnagar,Triphala Tablets,,3,333.33,1000.0,200.0
1454,2026-05-26,Karimnagar,Paracetamol 500mg,Medicines,5,248.0,1240.0,173.6
1455,2026-06-27,Karimnagar,Baby Diapers,Baby Care,4,172.5,690.0,124.2
1456,2026-04-28,Bangalore,Glucometer,Medical Devices,3,333.33,1000.0,160.0
1457,2026-05-01,Bengaluru,Blood Pressure Monitor,Medical Devices,2,425.0,850.0,136.0
1458,2026-06-02,Bangalore,Shampoo,Personal Care,3,280.0,840.0,184.8
1459,2026-04-03,Hyderabad,Protein Powder,Wellness,5,200.0,1000.0,250.0
1460,2026-05-04,HYDERABAD,Paracetamol 500mg,Medicines,1,1160.0,1160.0,162.4
1461,2026-06-05,Hyderabad,Baby Shampoo,Baby Care,4,350.0,1400.0,252.0
1462,2026-04-06, warangal,Face Wash,Personal Care,5,200.0,1000.0,220.0
1463,2026-05-07,Warangal,Vitamin C Tablets,Wellness,5,156.0,780.0,195.0
1464,2026-06-08, warangal,Paracetamol 500mg,Medicines,4,165.0,660.0,92.4
1465,2026-04-09,Vijayawada,Chyawanprash,Ayurveda,2,500.0,1000.0,200.0
1466,2026-05-10,VIJAYAWADA,Digital Thermometer,Medical Devices,5,204.0,1020.0,
1467,2026-06-11,Vijayawada,Protein Powder,Wellness,3,300.0,900.0,225.0
1468,2026-04-12,Vizag,Azithromycin 500mg,Medicines,3,333.33,1000.0,140.0
1469,2026-05-13,Visakhapatnam,Baby Diapers,Baby Care,5,76.0,380.0,68.4
1470,2026-06-14,Vizag,Ashwagandha Capsules,Ayurveda,3,253.33,760.0,152.0
1471,2026-04-15,Guntur,Vitamin C Tablets,Wellness,1,1000.0,1000.0,250.0
1472,2026-05-16,GUNTUR,Shampoo,Personal Care,3,740.63,2221.9,488.82
1473,2026-06-17,Guntur,Moisturizer,Personal Care,1,1596.5,1596.5,351.23
1474,2026-04-18, nellore,Digital Thermometer,Medical Devices,1,1000.0,1000.0,160.0
1475,2026-05-19,Nellore,Ashwagandha Capsules,Ayurveda,4,265.0,1060.0,212.0
1476,2026-06-20, nellore,Baby Lotion,Baby Care,5,220.0,1100.0,198.0
1477,2026-04-21,Tirupati,Digital Thermometer,Medical Devices,3,333.33,1000.0,160.0
1478,2026-05-22,Tirupati,Baby Diapers,Baby Care,3,556.67,1670.0,300.6
1479,2026-06-23,Tirupati,Face Wash,Personal Care,5,278.0,1390.0,305.8
1480,2026-04-24,Karimnagar,Azithromycin 500mg,Medicines,3,333.33,1000.0,
1481,2026-05-25,Karimnagar,Ashwagandha Capsules,Ayurveda,1,1240.0,1240.0,248.0
1482,2026-06-26,Karimnagar,Triphala Tablets,Ayurveda,4,172.5,690.0,138.0
1483,2026-04-27,Bengaluru,Digital Thermometer,Medical Devices,1,1000.0,1000.0,160.0
1484,2026-05-28,Bangalore,Baby Lotion,Baby Care,4,212.5,850.0,153.0
1485,2026-06-01,Bengaluru,Multivitamin Tablets,Wellness,1,840.0,840.0,210.0
1486,2026-04-02,HYDERABAD,Baby Shampoo,Baby Care,5,200.0,1000.0,180.0
1487,2026-05-03,Hyderabad,Ashwagandha Capsules,Ayurveda,5,232.0,1160.0,232.0
1488,2026-06-04,HYDERABAD,Face Wash,Personal Care,4,350.0,1400.0,308.0
1489,2026-04-05,Warangal,Moisturizer,Personal Care,2,500.0,1000.0,220.0
1490,2026-05-06, warangal,Blood Pressure Monitor,Medical Devices,2,390.0,780.0,124.8
1491,2026-06-07,Warangal,Vitamin C Tablets,Wellness,5,132.0,660.0,165.0
1492,2026-04-08,VIJAYAWADA,Moisturizer,Personal Care,1,1000.0,1000.0,220.0
1493,2026-05-09,Vijayawada,Glucometer,Medical Devices,1,1020.0,1020.0,163.2
1494,2026-06-10,VIJAYAWADA,Glucometer,Medical Devices,5,180.0,900.0,144.0
1495,2026-04-11,Visakhapatnam,Triphala Tablets,Ayurveda,4,250.0,1000.0,200.0
1496,2026-05-12,Vizag,Vitamin C Tablets,Wellness,3,126.67,380.0,
1497,2026-06-13,Visakhapatnam,Baby Shampoo,Baby Care,5,152.0,760.0,136.8
1498,2026-04-14,GUNTUR,Shampoo,Personal Care,5,200.0,1000.0,220.0
1499,2026-05-15,Guntur,Baby Shampoo,Baby Care,3,740.63,2221.9,399.94
1500,2026-06-16,GUNTUR,Shampoo,Personal Care,2,798.25,1596.5,351.23
1501,2026-04-17,Nellore,Moisturizer,Personal Care,3,333.33,1000.0,220.0
1502,2026-05-18, nellore,Paracetamol 500mg,Medicines,3,353.33,1060.0,148.4
1503,2026-06-19,Nellore,Baby Lotion,Baby Care,3,366.67,1100.0,
1504,2026-04-20,Tirupati,Cetirizine 10mg,Medicines,5,200.0,1000.0,140.0
1505,2026-05-21,Tirupati,Glucometer,Medical Devices,4,417.5,1670.0,267.2
1506,2026-06-22,Tirupati,Azithromycin 500mg,Medicines,3,463.33,1390.0,194.6
1507,2026-04-23,Karimnagar,Baby Diapers,Baby Care,3,333.33,1000.0,180.0
1508,2026-05-24,Karimnagar,Baby Diapers,Baby Care,5,248.0,1240.0,223.2
1509,2026-06-25,Karimnagar,Cetirizine 10mg,Medicines,4,172.5,690.0,96.6
1510,2026-04-26,Bangalore,Shampoo,Personal Care,1,1000.0,1000.0,220.0
1511,2026-05-27,Bengaluru,Blood Pressure Monitor,Medical Devices,5,170.0,850.0,136.0
1512,2026-06-28,Bangalore,Baby Diapers,Baby Care,5,168.0,840.0,151.2
1513,2026-04-01,Hyderabad,Multivitamin Tablets,Wellness,4,250.0,1000.0,250.0
1514,2026-05-02,HYDERABAD,Triphala Tablets,Ayurveda,1,1160.0,1160.0,232.0
1515,2026-06-03,Hyderabad,Digital Thermometer,Medical Devices,2,700.0,1400.0,224.0
1516,2026-04-04, warangal,Cetirizine 10mg,Medicines,1,1000.0,1000.0,140.0
1517,2026-05-05,Warangal,Baby Shampoo,Baby Care,5,156.0,780.0,140.4
1518,2026-06-06, warangal,Face Wash,Personal Care,1,660.0,660.0,145.2
1519,2026-04-07,Vijayawada,Baby Lotion,Baby Care,3,333.33,1000.0,180.0
1520,2026-05-08,VIJAYAWADA,Moisturizer,Personal Care,3,340.0,1020.0,224.4
1521,2026-06-09,Vijayawada,Ashwagandha Capsules,Ayurveda,5,180.0,900.0,180.0
1522,2026-04-10,Vizag,Glucometer,Medical Devices,3,333.33,1000.0,160.0
1523,2026-05-11,Visakhapatnam,Baby Diapers,Baby Care,1,380.0,380.0,68.4
1524,2026-06-12,Vizag,Azithromycin 500mg,Medicines,3,253.33,760.0,106.4
1525,2026-04-13,Guntur,Azithromycin 500mg,Medicines,2,500.0,1000.0,140.0
1526,2026-05-14,GUNTUR,Ashwagandha Capsules,Ayurveda,4,555.48,2221.9,444.38
1527,2026-06-15,Guntur,Protein Powder,Wellness,4,399.12,1596.5,399.12
1528,2026-04-16, nellore,Vitamin C Tablets,Wellness,5,200.0,1000.0,250.0
1529,2026-05-17,Nellore,Chyawanprash,Ayurveda,4,265.0,1060.0,212.0
1530,2026-06-18, nellore,Chyawanprash,Ayurveda,1,1100.0,1100.0,220.0
1531,2026-04-19,Tirupati,Azithromycin 500mg,Medicines,1,1000.0,1000.0,140.0
1532,2026-05-20,Tirupati,Paracetamol 500mg,Medicines,5,334.0,1670.0,233.8
1533,2026-06-21,Tirupati,Face Wash,Personal Care,1,1390.0,1390.0,305.8
1534,2026-04-22,Karimnagar,Shampoo,Personal Care,2,500.0,1000.0,220.0
1535,2026-05-23,Karimnagar,Shampoo,Personal Care,1,1240.0,1240.0,272.8
1536,2026-06-24,Karimnagar,Baby Diapers,Baby Care,1,690.0,690.0,124.2
1537,2026-04-25,Bengaluru,Digital Thermometer,Medical Devices,3,333.33,1000.0,160.0
1538,2026-05-26,Bangalore,Baby Shampoo,Baby Care,4,212.5,850.0,153.0
1539,2026-06-27,Bengaluru,Ashwagandha Capsules,Ayurveda,1,840.0,840.0,168.0
1540,2026-04-28,HYDERABAD,Shampoo,Personal Care,2,500.0,1000.0,220.0
1541,2026-05-01,Hyderabad,Ashwagandha Capsules,,4,290.0,1160.0,232.0
1542,2026-06-02,HYDERABAD,Moisturizer,Personal Care,5,280.0,1400.0,308.0
1543,2026-04-03,Warangal,Ashwagandha Capsules,Ayurveda,2,500.0,1000.0,200.0
1544,2026-05-04, warangal,Azithromycin 500mg,Medicines,3,260.0,780.0,109.2
1545,2026-06-05,Warangal,Protein Powder,Wellness,2,330.0,660.0,165.0
1546,2026-04-06,VIJAYAWADA,Baby Diapers,Baby Care,1,1000.0,1000.0,180.0
1547,2026-05-07,Vijayawada,Blood Pressure Monitor,Medical Devices,1,1020.0,1020.0,
1548,2026-06-08,VIJAYAWADA,Triphala Tablets,Ayurveda,5,180.0,900.0,180.0
1549,2026-04-09,Visakhapatnam,Face Wash,Personal Care,3,333.33,1000.0,220.0
1550,2026-05-10,Vizag,Vitamin C Tablets,Wellness,2,190.0,380.0,95.0
1551,2026-06-11,Visakhapatnam,Baby Diapers,Baby Care,4,190.0,760.0,136.8
1552,2026-04-12,GUNTUR,Blood Pressure Monitor,Medical Devices,1,1000.0,1000.0,160.0
1553,2026-05-13,Guntur,Azithromycin 500mg,Medicines,1,2221.9,2221.9,311.07
1554,2026-06-14,GUNTUR,Moisturizer,Personal Care,1,1596.5,1596.5,351.23
1555,2026-04-15,Nellore,Moisturizer,Personal Care,1,1000.0,1000.0,220.0
1556,2026-05-16, nellore,Blood Pressure Monitor,Medical Devices,4,265.0,1060.0,169.6
1557,2026-06-17,Nellore,Digital Thermometer,Medical Devices,1,1100.0,1100.0,176.0
1558,2026-04-18,Tirupati,Shampoo,Personal Care,1,1000.0,1000.0,220.0
1559,2026-05-19,Tirupati,Multivitamin Tablets,Wellness,3,556.67,1670.0,417.5
1560,2026-06-20,Tirupati,Baby Lotion,Baby Care,2,695.0,1390.0,250.2
1561,2026-04-21,Karimnagar,Chyawanprash,Ayurveda,2,500.0,1000.0,200.0
1562,2026-05-22,Karimnagar,Multivitamin Tablets,,1,1240.0,1240.0,310.0
1563,2026-06-23,Karimnagar,Ashwagandha Capsules,Ayurveda,1,690.0,690.0,138.0
1564,2026-04-24,Bangalore,Cetirizine 10mg,Medicines,3,333.33,1000.0,140.0
1565,2026-05-25,Bengaluru,Digital Thermometer,Medical Devices,3,283.33,850.0,136.0
1566,2026-06-26,Bangalore,Glucometer,Medical Devices,4,210.0,840.0,134.4
1567,2026-04-27,Hyderabad,Cetirizine 10mg,Medicines,2,500.0,1000.0,140.0
1568,2026-05-28,HYDERABAD,Digital Thermometer,Medical Devices,3,386.67,1160.0,185.6
1569,2026-06-01,Hyderabad,Shampoo,Personal Care,3,466.67,1400.0,308.0
1570,2026-04-02, warangal,Cetirizine 10mg,Medicines,2,500.0,1000.0,140.0
1571,2026-05-03,Warangal,Chyawanprash,Ayurveda,1,780.0,780.0,156.0
1572,2026-06-04, warangal,Face Wash,Personal Care,3,220.0,660.0,145.2
1573,2026-04-05,Vijayawada,Blood Pressure Monitor,Medical Devices,2,500.0,1000.0,160.0
1574,2026-05-06,VIJAYAWADA,Azithromycin 500mg,Medicines,2,510.0,1020.0,142.8
1575,2026-06-07,Vijayawada,Moisturizer,Personal Care,3,300.0,900.0,198.0
1576,2026-04-08,Vizag,Triphala Tablets,Ayurveda,5,200.0,1000.0,200.0
1577,2026-05-09,Visakhapatnam,Baby Lotion,Baby Care,2,190.0,380.0,68.4
1578,2026-06-10,Vizag,Ashwagandha Capsules,Ayurveda,1,760.0,760.0,152.0
1579,2026-04-11,Guntur,Blood Pressure Monitor,Medical Devices,2,500.0,1000.0,160.0
1580,2026-05-12,GUNTUR,Baby Diapers,Baby Care,5,444.38,2221.9,399.94
1581,2026-06-13,Guntur,Shampoo,Personal Care,5,319.3,1596.5,351.23
1582,2026-04-14, nellore,Multivitamin Tablets,Wellness,1,1000.0,1000.0,250.0
1583,2026-05-15,Nellore,Azithromycin 500mg,Medicines,1,1060.0,1060.0,148.4
1584,2026-06-16, nellore,Moisturizer,Personal Care,5,220.0,1100.0,242.0
1585,2026-04-17,Tirupati,Vitamin C Tablets,Wellness,5,200.0,1000.0,250.0
1586,2026-05-18,Tirupati,Moisturizer,Personal Care,3,556.67,1670.0,367.4
1587,2026-06-19,Tirupati,Vitamin C Tablets,Wellness,2,695.0,1390.0,347.5
1588,2026-04-20,Karimnagar,Face Wash,Personal Care,3,333.33,1000.0,220.0
1589,2026-05-21,Karimnagar,Baby Lotion,Baby Care,1,1240.0,1240.0,223.2
1590,2026-06-22,Karimnagar,Baby Lotion,Baby Care,3,230.0,690.0,124.2
1591,2026-04-23,Bengaluru,Ashwagandha Capsules,Ayurveda,4,250.0,1000.0,200.0
1592,2026-05-24,Bangalore,Shampoo,Personal Care,1,850.0,850.0,187.0
1593,2026-06-25,Bengaluru,Paracetamol 500mg,Medicines,5,168.0,840.0,117.6
1594,2026-04-26,HYDERABAD,Baby Lotion,Baby Care,3,333.33,1000.0,180.0
1595,2026-05-27,Hyderabad,Glucometer,Medical Devices,5,232.0,1160.0,185.6
1596,2026-06-28,HYDERABAD,Blood Pressure Monitor,Medical Devices,1,1400.0,1400.0,224.0
1597,2026-04-01,Warangal,Multivitamin Tablets,Wellness,2,500.0,1000.0,250.0
1598,2026-05-02, warangal,Azithromycin 500mg,Medicines,5,156.0,780.0,109.2
1599,2026-06-03,Warangal,Multivitamin Tablets,Wellness,3,220.0,660.0,165.0
1600,2026-04-04,VIJAYAWADA,Shampoo,Personal Care,1,1000.0,1000.0,220.0
1601,2026-05-05,Vijayawada,Face Wash,Personal Care,1,1020.0,1020.0,224.4
1602,2026-06-06,VIJAYAWADA,Face Wash,Personal Care,4,225.0,900.0,198.0
1603,2026-04-07,Visakhapatnam,Triphala Tablets,Ayurveda,4,250.0,1000.0,200.0
1604,2026-05-08,Vizag,Shampoo,Personal Care,5,76.0,380.0,83.6
1605,2026-06-09,Visakhapatnam,Multivitamin Tablets,Wellness,3,253.33,760.0,190.0
1606,2026-04-10,GUNTUR,Azithromycin 500mg,Medicines,1,1000.0,1000.0,140.0
1607,2026-05-11,Guntur,Multivitamin Tablets,Wellness,4,555.48,2221.9,555.48
1608,2026-06-12,GUNTUR,Glucometer,Medical Devices,2,798.25,1596.5,255.44
1609,2026-04-13,Nellore,Face Wash,Personal Care,4,250.0,1000.0,220.0
1610,2026-05-14, nellore,Face Wash,Personal Care,1,1060.0,1060.0,233.2
1611,2026-06-15,Nellore,Moisturizer,Personal Care,1,1100.0,1100.0,242.0
1612,2026-04-16,Tirupati,Face Wash,Personal Care,4,250.0,1000.0,220.0
1613,2026-05-17,Tirupati,Chyawanprash,Ayurveda,3,556.67,1670.0,334.0
1614,2026-06-18,Tirupati,Vitamin C Tablets,Wellness,3,463.33,1390.0,347.5
1615,2026-04-19,Karimnagar,Protein Powder,Wellness,5,200.0,1000.0,250.0
1616,2026-05-20,Karimnagar,Baby Shampoo,Baby Care,1,1240.0,1240.0,223.2
1617,2026-06-21,Karimnagar,Multivitamin Tablets,Wellness,4,172.5,690.0,172.5
1618,2026-04-22,Bangalore,Azithromycin 500mg,Medicines,5,200.0,1000.0,140.0
1619,2026-05-23,Bengaluru,Baby Diapers,Baby Care,3,283.33,850.0,153.0
1620,2026-06-24,Bangalore,Paracetamol 500mg,Medicines,5,168.0,840.0,117.6
1621,2026-04-25,Hyderabad,Chyawanprash,Ayurveda,2,500.0,1000.0,200.0
1622,2026-05-26,HYDERABAD,Vitamin C Tablets,Wellness,2,580.0,1160.0,290.0
1623,2026-06-27,Hyderabad,Vitamin C Tablets,Wellness,5,280.0,1400.0,350.0
1624,2026-04-28, warangal,Cetirizine 10mg,Medicines,1,1000.0,1000.0,
1625,2026-05-01,Warangal,Paracetamol 500mg,Medicines,4,195.0,780.0,109.2
1626,2026-06-02, warangal,Paracetamol 500mg,Medicines,1,660.0,660.0,92.4
1627,2026-04-03,Vijayawada,Baby Shampoo,Baby Care,4,250.0,1000.0,180.0
1628,2026-05-04,VIJAYAWADA,Chyawanprash,Ayurveda,3,340.0,1020.0,204.0
1629,2026-06-05,Vijayawada,Shampoo,Personal Care,1,900.0,900.0,198.0
1630,2026-04-06,Vizag,Vitamin C Tablets,Wellness,1,1000.0,1000.0,250.0
1631,2026-05-07,Visakhapatnam,Vitamin C Tablets,Wellness,5,76.0,380.0,95.0
1632,2026-06-08,Vizag,Cetirizine 10mg,Medicines,5,152.0,760.0,
1633,2026-04-09,Guntur,Paracetamol 500mg,Medicines,3,333.33,1000.0,140.0
1634,2026-05-10,GUNTUR,Baby Lotion,Baby Care,3,740.63,2221.9,399.94
1635,2026-06-11,Guntur,Azithromycin 500mg,Medicines,1,1596.5,1596.5,223.51
1636,2026-04-12, nellore,Face Wash,Personal Care,5,200.0,1000.0,220.0
1637,2026-05-13,Nellore,Blood Pressure Monitor,Medical Devices,3,353.33,1060.0,169.6
1638,2026-06-14, nellore,Shampoo,Personal Care,1,1100.0,1100.0,242.0
1639,2026-04-15,Tirupati,Azithromycin 500mg,Medicines,2,500.0,1000.0,140.0
1640,2026-05-16,Tirupati,Vitamin C Tablets,Wellness,4,417.5,1670.0,417.5
1641,2026-06-17,Tirupati,Triphala Tablets,Ayurveda,3,463.33,1390.0,278.0
1642,2026-04-18,Karimnagar,Shampoo,Personal Care,1,1000.0,1000.0,220.0
1643,2026-05-19,Karimnagar,Baby Diapers,Baby Care,3,413.33,1240.0,223.2
1644,2026-06-20,Karimnagar,Azithromycin 500mg,,4,172.5,690.0,96.6
1645,2026-04-21,Bengaluru,Blood Pressure Monitor,Medical Devices,3,333.33,1000.0,160.0
1646,2026-05-22,Bangalore,Face Wash,Personal Care,3,283.33,850.0,187.0
1647,2026-06-23,Bengaluru,Shampoo,Personal Care,3,280.0,840.0,184.8
1648,2026-04-24,HYDERABAD,Ashwagandha Capsules,Ayurveda,4,250.0,1000.0,200.0
1649,2026-05-25,Hyderabad,Paracetamol 500mg,Medicines,3,386.67,1160.0,162.4
1650,2026-06-26,HYDERABAD,Baby Lotion,Baby Care,2,700.0,1400.0,252.0
1651,2026-04-27,Warangal,Blood Pressure Monitor,Medical Devices,3,333.33,1000.0,160.0
1652,2026-05-28, warangal,Blood Pressure Monitor,Medical Devices,2,390.0,780.0,124.8
1653,2026-06-01,Warangal,Azithromycin 500mg,Medicines,1,660.0,660.0,92.4
1654,2026-04-02,VIJAYAWADA,Face Wash,Personal Care,1,1000.0,1000.0,220.0
1655,2026-05-03,Vijayawada,Paracetamol 500mg,Medicines,5,204.0,1020.0,142.8
1656,2026-06-04,VIJAYAWADA,Glucometer,Medical Devices,3,300.0,900.0,144.0
1657,2026-04-05,Visakhapatnam,Baby Lotion,Baby Care,1,1000.0,1000.0,180.0
1658,2026-05-06,Vizag,Ashwagandha Capsules,Ayurveda,1,380.0,380.0,76.0
1659,2026-06-07,Visakhapatnam,Paracetamol 500mg,Medicines,1,760.0,760.0,106.4
1660,2026-04-08,GUNTUR,Protein Powder,Wellness,2,500.0,1000.0,250.0
1661,2026-05-09,Guntur,Ashwagandha Capsules,Ayurveda,5,444.38,2221.9,444.38
1662,2026-06-10,GUNTUR,Face Wash,Personal Care,1,1596.5,1596.5,351.23
1663,2026-04-11,Nellore,Face Wash,Personal Care,4,250.0,1000.0,220.0
1664,2026-05-12, nellore,Shampoo,Personal Care,4,265.0,1060.0,
1665,2026-06-13,Nellore,Face Wash,Personal Care,4,275.0,1100.0,242.0
1666,2026-04-14,Tirupati,Moisturizer,Personal Care,2,500.0,1000.0,220.0
1667,2026-05-15,Tirupati,Vitamin C Tablets,Wellness,3,556.67,1670.0,417.5
1668,2026-06-16,Tirupati,Vitamin C Tablets,Wellness,5,278.0,1390.0,347.5
1669,2026-04-17,Karimnagar,Azithromycin 500mg,,3,333.33,1000.0,140.0
1670,2026-05-18,Karimnagar,Protein Powder,Wellness,2,620.0,1240.0,310.0
1671,2026-06-19,Karimnagar,Baby Lotion,Baby Care,1,690.0,690.0,124.2
1672,2026-04-20,Bangalore,Baby Diapers,Baby Care,1,1000.0,1000.0,180.0
1673,2026-05-21,Bengaluru,Baby Diapers,Baby Care,5,170.0,850.0,153.0
1674,2026-06-22,Bangalore,Paracetamol 500mg,Medicines,1,840.0,840.0,117.6
1675,2026-04-23,Hyderabad,Shampoo,Personal Care,4,250.0,1000.0,220.0
1676,2026-05-24,HYDERABAD,Baby Shampoo,Baby Care,3,386.67,1160.0,208.8
1677,2026-06-25,Hyderabad,Azithromycin 500mg,Medicines,5,280.0,1400.0,196.0
1678,2026-04-26, warangal,Face Wash,Personal Care,5,200.0,1000.0,220.0
1679,2026-05-27,Warangal,Digital Thermometer,Medical Devices,5,156.0,780.0,124.8
1680,2026-06-28, warangal,Multivitamin Tablets,Wellness,2,330.0,660.0,165.0
1681,2026-04-01,Vijayawada,Blood Pressure Monitor,Medical Devices,1,1000.0,1000.0,160.0
1682,2026-05-02,VIJAYAWADA,Blood Pressure Monitor,Medical Devices,4,255.0,1020.0,163.2
1683,2026-06-03,Vijayawada,Face Wash,Personal Care,2,450.0,900.0,198.0
1684,2026-04-04,Vizag,Moisturizer,Personal Care,3,333.33,1000.0,220.0
1685,2026-05-05,Visakhapatnam,Blood Pressure Monitor,,3,126.67,380.0,60.8
1686,2026-06-06,Vizag,Digital Thermometer,,4,190.0,760.0,121.6
1687,2026-04-07,Guntur,Protein Powder,Wellness,1,1000.0,1000.0,250.0
1688,2026-05-08,GUNTUR,Glucometer,Medical Devices,5,444.38,2221.9,355.5
1689,2026-06-09,Guntur,Baby Shampoo,Baby Care,4,399.12,1596.5,287.37
1690,2026-04-10, nellore,Vitamin C Tablets,Wellness,2,500.0,1000.0,250.0
1691,2026-05-11,Nellore,Shampoo,Personal Care,1,1060.0,1060.0,233.2
1692,2026-06-12, nellore,Azithromycin 500mg,Medicines,4,275.0,1100.0,154.0
1693,2026-04-13,Tirupati,Glucometer,Medical Devices,2,500.0,1000.0,160.0
1694,2026-05-14,Tirupati,Multivitamin Tablets,Wellness,4,417.5,1670.0,417.5
1695,2026-06-15,Tirupati,Multivitamin Tablets,Wellness,3,463.33,1390.0,347.5
1696,2026-04-16,Karimnagar,Azithromycin 500mg,Medicines,5,200.0,1000.0,140.0
1697,2026-05-17,Karimnagar,Azithromycin 500mg,Medicines,1,1240.0,1240.0,173.6
1698,2026-06-18,Karimnagar,Chyawanprash,,2,345.0,690.0,138.0
1699,2026-04-19,Bengaluru,Azithromycin 500mg,,2,500.0,1000.0,140.0
1700,2026-05-20,Bangalore,Vitamin C Tablets,Wellness,3,283.33,850.0,212.5
1701,2026-06-21,Bengaluru,Baby Shampoo,Baby Care,5,168.0,840.0,151.2
1702,2026-04-22,HYDERABAD,Baby Lotion,Baby Care,3,333.33,1000.0,180.0
1703,2026-05-23,Hyderabad,Shampoo,Personal Care,5,232.0,1160.0,255.2
1704,2026-06-24,HYDERABAD,Glucometer,Medical Devices,3,466.67,1400.0,224.0
1705,2026-04-25,Warangal,Azithromycin 500mg,Medicines,4,250.0,1000.0,140.0
1706,2026-05-26, warangal,Glucometer,Medical Devices,4,195.0,780.0,124.8
1707,2026-06-27,Warangal,Baby Diapers,Baby Care,5,132.0,660.0,118.8
1708,2026-04-28,VIJAYAWADA,Baby Shampoo,Baby Care,3,333.33,1000.0,180.0
1709,2026-05-01,Vijayawada,Paracetamol 500mg,Medicines,3,340.0,1020.0,142.8
1710,2026-06-02,VIJAYAWADA,Face Wash,Personal Care,3,300.0,900.0,198.0
1711,2026-04-03,Visakhapatnam,Baby Diapers,Baby Care,5,200.0,1000.0,180.0
1712,2026-05-04,Vizag,Face Wash,Personal Care,3,126.67,380.0,83.6
1713,2026-06-05,Visakhapatnam,Blood Pressure Monitor,Medical Devices,3,253.33,760.0,121.6
1714,2026-04-06,GUNTUR,Cetirizine 10mg,Medicines,1,1000.0,1000.0,140.0
1715,2026-05-07,Guntur,Baby Diapers,Baby Care,3,740.63,2221.9,399.94
1716,2026-06-08,GUNTUR,Azithromycin 500mg,,4,399.12,1596.5,223.51
1717,2026-04-09,Nellore,Multivitamin Tablets,Wellness,1,1000.0,1000.0,250.0
1718,2026-05-10, nellore,Moisturizer,Personal Care,2,530.0,1060.0,233.2
1719,2026-06-11,Nellore,Chyawanprash,Ayurveda,1,1100.0,1100.0,220.0
1720,2026-04-12,Tirupati,Triphala Tablets,Ayurveda,3,333.33,1000.0,200.0
1721,2026-05-13,Tirupati,Digital Thermometer,Medical Devices,5,334.0,1670.0,267.2
1722,2026-06-14,Tirupati,Azithromycin 500mg,Medicines,2,695.0,1390.0,194.6
1723,2026-04-15,Karimnagar,Blood Pressure Monitor,Medical Devices,2,500.0,1000.0,160.0
1724,2026-05-16,Karimnagar,Vitamin C Tablets,Wellness,3,413.33,1240.0,310.0
1725,2026-06-17,Karimnagar,Vitamin C Tablets,Wellness,4,172.5,690.0,172.5
1726,2026-04-18,Bangalore,Shampoo,Personal Care,4,250.0,1000.0,220.0
1727,2026-05-19,Bengaluru,Triphala Tablets,Ayurveda,3,283.33,850.0,170.0
1728,2026-06-20,Bangalore,Glucometer,Medical Devices,2,420.0,840.0,134.4
1729,2026-04-21,Hyderabad,Face Wash,Personal Care,2,500.0,1000.0,220.0
1730,2026-05-22,HYDERABAD,Azithromycin 500mg,Medicines,3,386.67,1160.0,162.4
1731,2026-06-23,Hyderabad,Face Wash,Personal Care,4,350.0,1400.0,308.0
1732,2026-04-24, warangal,Face Wash,Personal Care,4,250.0,1000.0,220.0
1733,2026-05-25,Warangal,Glucometer,Medical Devices,4,195.0,780.0,124.8
1734,2026-06-26, warangal,Multivitamin Tablets,,1,660.0,660.0,165.0
1735,2026-04-27,Vijayawada,Multivitamin Tablets,Wellness,2,500.0,1000.0,250.0
1736,2026-05-28,VIJAYAWADA,Digital Thermometer,Medical Devices,3,340.0,1020.0,163.2
1737,2026-06-01,Vijayawada,Cetirizine 10mg,Medicines,4,225.0,900.0,126.0
1738,2026-04-02,Vizag,Azithromycin 500mg,Medicines,2,500.0,1000.0,140.0
1739,2026-05-03,Visakhapatnam,Baby Lotion,Baby Care,4,95.0,380.0,68.4
1740,2026-06-04,Vizag,Blood Pressure Monitor,Medical Devices,3,253.33,760.0,121.6
1741,2026-04-05,Guntur,Baby Diapers,Baby Care,5,200.0,1000.0,180.0
1742,2026-05-06,GUNTUR,Blood Pressure Monitor,Medical Devices,3,740.63,2221.9,355.5
1743,2026-06-07,Guntur,Chyawanprash,Ayurveda,2,798.25,1596.5,319.3
1744,2026-04-08, nellore,Baby Diapers,Baby Care,4,250.0,1000.0,180.0
1745,2026-05-09,Nellore,Digital Thermometer,Medical Devices,5,212.0,1060.0,169.6
1746,2026-06-10, nellore,Multivitamin Tablets,Wellness,5,220.0,1100.0,275.0
1747,2026-04-11,Tirupati,Baby Diapers,Baby Care,3,333.33,1000.0,180.0
1748,2026-05-12,Tirupati,Shampoo,Personal Care,4,417.5,1670.0,367.4
1749,2026-06-13,Tirupati,Multivitamin Tablets,Wellness,3,463.33,1390.0,347.5
1750,2026-04-14,Karimnagar,Blood Pressure Monitor,Medical Devices,1,1000.0,1000.0,160.0
1751,2026-05-15,Karimnagar,Baby Diapers,Baby Care,3,413.33,1240.0,
1752,2026-06-16,Karimnagar,Digital Thermometer,Medical Devices,1,690.0,690.0,110.4
1753,2026-04-17,Bengaluru,Moisturizer,Personal Care,2,500.0,1000.0,220.0
1754,2026-05-18,Bangalore,Ashwagandha Capsules,Ayurveda,2,425.0,850.0,170.0
1755,2026-06-19,Bengaluru,Blood Pressure Monitor,Medical Devices,1,840.0,840.0,134.4
1756,2026-04-20,HYDERABAD,Baby Lotion,Baby Care,1,1000.0,1000.0,180.0
1757,2026-05-21,Hyderabad,Ashwagandha Capsules,Ayurveda,5,232.0,1160.0,
1758,2026-06-22,HYDERABAD,Multivitamin Tablets,Wellness,4,350.0,1400.0,350.0
1759,2026-04-23,Warangal,Cetirizine 10mg,Medicines,1,1000.0,1000.0,140.0
1760,2026-05-24, warangal,Baby Shampoo,Baby Care,2,390.0,780.0,
1761,2026-06-25,Warangal,Baby Shampoo,Baby Care,5,132.0,660.0,118.8
1762,2026-04-26,VIJAYAWADA,Face Wash,Personal Care,5,200.0,1000.0,220.0
1763,2026-05-27,Vijayawada,Triphala Tablets,Ayurveda,3,340.0,1020.0,204.0
1764,2026-06-28,VIJAYAWADA,Ashwagandha Capsules,Ayurveda,5,180.0,900.0,180.0
1765,2026-04-01,Visakhapatnam,Protein Powder,Wellness,3,333.33,1000.0,250.0
1766,2026-05-02,Vizag,Moisturizer,Personal Care,2,190.0,380.0,83.6
1767,2026-06-03,Visakhapatnam,Triphala Tablets,Ayurveda,3,253.33,760.0,152.0
1768,2026-04-04,GUNTUR,Baby Diapers,Baby Care,5,200.0,1000.0,180.0
1769,2026-05-05,Guntur,Multivitamin Tablets,Wellness,5,444.38,2221.9,555.48
1770,2026-06-06,GUNTUR,Triphala Tablets,Ayurveda,5,319.3,1596.5,319.3
1771,2026-04-07,Nellore,Baby Diapers,Baby Care,2,500.0,1000.0,180.0
1772,2026-05-08, nellore,Shampoo,Personal Care,4,265.0,1060.0,233.2
1773,2026-06-09,Nellore,Baby Diapers,Baby Care,1,1100.0,1100.0,198.0
1774,2026-04-10,Tirupati,Azithromycin 500mg,Medicines,5,200.0,1000.0,140.0
1775,2026-05-11,Tirupati,Multivitamin Tablets,Wellness,1,1670.0,1670.0,417.5
1776,2026-06-12,Tirupati,Cetirizine 10mg,Medicines,4,347.5,1390.0,194.6
1777,2026-04-13,Karimnagar,Paracetamol 500mg,Medicines,2,500.0,1000.0,
1778,2026-05-14,Karimnagar,Glucometer,Medical Devices,4,310.0,1240.0,198.4
1779,2026-06-15,Karimnagar,Protein Powder,Wellness,2,345.0,690.0,
1780,2026-04-16,Bangalore,Cetirizine 10mg,Medicines,4,250.0,1000.0,140.0
1781,2026-05-17,Bengaluru,Moisturizer,Personal Care,1,850.0,850.0,187.0
1782,2026-06-18,Bangalore,Baby Shampoo,Baby Care,3,280.0,840.0,151.2
1783,2026-04-19,Hyderabad,Digital Thermometer,Medical Devices,1,1000.0,1000.0,160.0
1784,2026-05-20,HYDERABAD,Baby Lotion,Baby Care,3,386.67,1160.0,
1785,2026-06-21,Hyderabad,Baby Diapers,Baby Care,5,280.0,1400.0,
1786,2026-04-22, warangal,Multivitamin Tablets,Wellness,5,200.0,1000.0,250.0
1787,2026-05-23,Warangal,Blood Pressure Monitor,Medical Devices,3,260.0,780.0,124.8
1788,2026-06-24, warangal,Baby Shampoo,Baby Care,4,165.0,660.0,118.8
1789,2026-04-25,Vijayawada,Shampoo,Personal Care,1,1000.0,1000.0,
1790,2026-05-26,VIJAYAWADA,Protein Powder,Wellness,3,340.0,1020.0,255.0
1791,2026-06-27,Vijayawada,Baby Shampoo,Baby Care,5,180.0,900.0,162.0
1792,2026-04-28,Vizag,Multivitamin Tablets,Wellness,5,200.0,1000.0,250.0
1793,2026-05-01,Visakhapatnam,Digital Thermometer,Medical Devices,3,126.67,380.0,
1794,2026-06-02,Vizag,Shampoo,Personal Care,2,380.0,760.0,167.2
1795,2026-04-03,Guntur,Baby Lotion,Baby Care,5,200.0,1000.0,180.0
1796,2026-05-04,GUNTUR,Blood Pressure Monitor,Medical Devices,1,2221.9,2221.9,355.5
1797,2026-06-05,Guntur,Digital Thermometer,,2,798.25,1596.5,255.44
1798,2026-04-06, nellore,Multivitamin Tablets,Wellness,5,200.0,1000.0,250.0
1799,2026-05-07,Nellore,Blood Pressure Monitor,Medical Devices,4,265.0,1060.0,169.6
1800,2026-06-08, nellore,Vitamin C Tablets,Wellness,5,220.0,1100.0,275.0
1801,2026-04-09,Tirupati,Multivitamin Tablets,Wellness,1,1000.0,1000.0,250.0
1802,2026-05-10,Tirupati,Glucometer,Medical Devices,1,1670.0,1670.0,267.2
1803,2026-06-11,Tirupati,Baby Diapers,Baby Care,3,463.33,1390.0,250.2
1804,2026-04-12,Karimnagar,Baby Lotion,Baby Care,3,333.33,1000.0,180.0
1805,2026-05-13,Karimnagar,Baby Lotion,Baby Care,4,310.0,1240.0,223.2
1806,2026-06-14,Karimnagar,Chyawanprash,Ayurveda,4,172.5,690.0,138.0
1807,2026-04-15,Bengaluru,Baby Lotion,Baby Care,4,250.0,1000.0,
1808,2026-05-16,Bangalore,Glucometer,Medical Devices,5,170.0,850.0,136.0
1809,2026-06-17,Bengaluru,Azithromycin 500mg,Medicines,1,840.0,840.0,117.6
1810,2026-04-18,HYDERABAD,Digital Thermometer,Medical Devices,3,333.33,1000.0,160.0
1811,2026-05-19,Hyderabad,Face Wash,Personal Care,4,290.0,1160.0,255.2
1812,2026-06-20,HYDERABAD,Baby Lotion,Baby Care,3,466.67,1400.0,252.0
1813,2026-04-21,Warangal,Digital Thermometer,,3,333.33,1000.0,160.0
1814,2026-05-22, warangal,Triphala Tablets,Ayurveda,3,260.0,780.0,156.0
1815,2026-06-23,Warangal,Shampoo,Personal Care,4,165.0,660.0,145.2
1816,2026-04-24,VIJAYAWADA,Triphala Tablets,Ayurveda,1,1000.0,1000.0,200.0
1817,2026-05-25,Vijayawada,Triphala Tablets,Ayurveda,5,204.0,1020.0,204.0
1818,2026-06-26,VIJAYAWADA,Cetirizine 10mg,Medicines,2,450.0,900.0,126.0
1819,2026-04-27,Visakhapatnam,Paracetamol 500mg,Medicines,4,250.0,1000.0,140.0
1820,2026-05-28,Vizag,Baby Shampoo,Baby Care,1,380.0,380.0,68.4
1821,2026-06-01,Visakhapatnam,Ashwagandha Capsules,Ayurveda,1,760.0,760.0,152.0
1822,2026-04-02,GUNTUR,Face Wash,Personal Care,1,1000.0,1000.0,220.0
1823,2026-05-03,Guntur,Paracetamol 500mg,Medicines,3,740.63,2221.9,311.07
1824,2026-06-04,GUNTUR,Shampoo,Personal Care,3,532.17,1596.5,351.23
1825,2026-04-05,Nellore,Paracetamol 500mg,Medicines,1,1000.0,1000.0,140.0
1826,2026-05-06, nellore,Glucometer,Medical Devices,3,353.33,1060.0,169.6
1827,2026-06-07,Nellore,Face Wash,Personal Care,3,366.67,1100.0,242.0
1828,2026-04-08,Tirupati,Shampoo,Personal Care,5,200.0,1000.0,220.0
1829,2026-05-09,Tirupati,Baby Lotion,Baby Care,1,1670.0,1670.0,300.6
1830,2026-06-10,Tirupati,Moisturizer,Personal Care,3,463.33,1390.0,305.8
1831,2026-04-11,Karimnagar,Cetirizine 10mg,Medicines,1,1000.0,1000.0,140.0
1832,2026-05-12,Karimnagar,Chyawanprash,Ayurveda,1,1240.0,1240.0,248.0
1833,2026-06-13,Karimnagar,Vitamin C Tablets,Wellness,1,690.0,690.0,172.5
1834,2026-04-14,Bangalore,Multivitamin Tablets,Wellness,4,250.0,1000.0,250.0
1835,2026-05-15,Bengaluru,Vitamin C Tablets,Wellness,3,283.33,850.0,212.5
1836,2026-06-16,Bangalore,Vitamin C Tablets,Wellness,5,168.0,840.0,210.0
1837,2026-04-17,Hyderabad,Blood Pressure Monitor,Medical Devices,1,1000.0,1000.0,160.0
1838,2026-05-18,HYDERABAD,Ashwagandha Capsules,Ayurveda,1,1160.0,1160.0,232.0
1839,2026-06-19,Hyderabad,Blood Pressure Monitor,Medical Devices,3,466.67,1400.0,224.0
1840,2026-04-20, warangal,Blood Pressure Monitor,Medical Devices,4,250.0,1000.0,160.0
1841,2026-05-21,Warangal,Triphala Tablets,Ayurveda,2,390.0,780.0,156.0
1842,2026-06-22, warangal,Face Wash,Personal Care,5,132.0,660.0,145.2
1843,2026-04-23,Vijayawada,Baby Shampoo,Baby Care,3,333.33,1000.0,180.0
1844,2026-05-24,VIJAYAWADA,Baby Lotion,Baby Care,1,1020.0,1020.0,183.6
1845,2026-06-25,Vijayawada,Baby Shampoo,Baby Care,3,300.0,900.0,
1846,2026-04-26,Vizag,Baby Lotion,Baby Care,1,1000.0,1000.0,180.0
1847,2026-05-27,Visakhapatnam,Shampoo,Personal Care,3,126.67,380.0,83.6
1848,2026-06-28,Vizag,Vitamin C Tablets,Wellness,3,253.33,760.0,190.0
1849,2026-04-01,Guntur,Cetirizine 10mg,Medicines,2,500.0,1000.0,140.0
1850,2026-05-02,GUNTUR,Cetirizine 10mg,Medicines,1,2221.9,2221.9,311.07
1851,2026-06-03,Guntur,Ashwagandha Capsules,Ayurveda,3,532.17,1596.5,319.3
1852,2026-04-04, nellore,Paracetamol 500mg,Medicines,3,333.33,1000.0,140.0
1853,2026-05-05,Nellore,Multivitamin Tablets,Wellness,3,353.33,1060.0,265.0
1854,2026-06-06, nellore,Multivitamin Tablets,Wellness,5,220.0,1100.0,275.0
1855,2026-04-07,Tirupati,Shampoo,Personal Care,1,1000.0,1000.0,220.0
1856,2026-05-08,Tirupati,Vitamin C Tablets,Wellness,2,835.0,1670.0,417.5
1857,2026-06-09,Tirupati,Azithromycin 500mg,Medicines,3,463.33,1390.0,194.6
1858,2026-04-10,Karimnagar,Digital Thermometer,Medical Devices,5,200.0,1000.0,160.0
1859,2026-05-11,Karimnagar,Ashwagandha Capsules,Ayurveda,5,248.0,1240.0,248.0
1860,2026-06-12,Karimnagar,Paracetamol 500mg,Medicines,1,690.0,690.0,96.6
1861,2026-04-13,Bengaluru,Face Wash,Personal Care,2,500.0,1000.0,220.0
1862,2026-05-14,Bangalore,Multivitamin Tablets,Wellness,1,850.0,850.0,212.5
1863,2026-06-15,Bengaluru,Multivitamin Tablets,Wellness,4,210.0,840.0,210.0
1864,2026-04-16,HYDERABAD,Chyawanprash,Ayurveda,5,200.0,1000.0,200.0
1865,2026-05-17,Hyderabad,Glucometer,Medical Devices,5,232.0,1160.0,185.6
1866,2026-06-18,HYDERABAD,Baby Shampoo,Baby Care,5,280.0,1400.0,252.0
1867,2026-04-19,Warangal,Blood Pressure Monitor,Medical Devices,3,333.33,1000.0,160.0
1868,2026-05-20, warangal,Azithromycin 500mg,Medicines,2,390.0,780.0,109.2
1869,2026-06-21,Warangal,Blood Pressure Monitor,Medical Devices,4,165.0,660.0,105.6
1870,2026-04-22,VIJAYAWADA,Face Wash,Personal Care,5,200.0,1000.0,220.0
1871,2026-05-23,Vijayawada,Digital Thermometer,Medical Devices,5,204.0,1020.0,163.2
1872,2026-06-24,VIJAYAWADA,Baby Shampoo,Baby Care,1,900.0,900.0,162.0
1873,2026-04-25,Visakhapatnam,Digital Thermometer,Medical Devices,5,200.0,1000.0,160.0
1874,2026-05-26,Vizag,Protein Powder,Wellness,5,76.0,380.0,95.0
1875,2026-06-27,Visakhapatnam,Digital Thermometer,Medical Devices,5,152.0,760.0,121.6
1876,2026-04-28,GUNTUR,Paracetamol 500mg,Medicines,2,500.0,1000.0,140.0
1877,2026-05-01,Guntur,Azithromycin 500mg,Medicines,4,555.48,2221.9,311.07
1878,2026-06-02,GUNTUR,Baby Shampoo,Baby Care,5,319.3,1596.5,287.37
1879,2026-04-03,Nellore,Cetirizine 10mg,Medicines,5,200.0,1000.0,140.0
1880,2026-05-04, nellore,Ashwagandha Capsules,Ayurveda,5,212.0,1060.0,212.0
1881,2026-06-05,Nellore,Multivitamin Tablets,Wellness,1,1100.0,1100.0,275.0
1882,2026-04-06,Tirupati,Azithromycin 500mg,Medicines,1,1000.0,1000.0,140.0
1883,2026-05-07,Tirupati,Protein Powder,Wellness,3,556.67,1670.0,417.5
1884,2026-06-08,Tirupati,Digital Thermometer,Medical Devices,3,463.33,1390.0,222.4
1885,2026-04-09,Karimnagar,Chyawanprash,Ayurveda,4,250.0,1000.0,200.0
1886,2026-05-10,Karimnagar,Multivitamin Tablets,Wellness,5,248.0,1240.0,310.0
1887,2026-06-11,Karimnagar,Vitamin C Tablets,Wellness,4,172.5,690.0,172.5
1888,2026-04-12,Bangalore,Cetirizine 10mg,Medicines,5,200.0,1000.0,140.0
1889,2026-05-13,Bengaluru,Protein Powder,Wellness,4,212.5,850.0,212.5
1890,2026-06-14,Bangalore,Baby Diapers,Baby Care,3,280.0,840.0,151.2
1891,2026-04-15,Hyderabad,Triphala Tablets,Ayurveda,1,1000.0,1000.0,200.0
1892,2026-05-16,HYDERABAD,Baby Diapers,Baby Care,2,580.0,1160.0,208.8
1893,2026-06-17,Hyderabad,Glucometer,Medical Devices,5,280.0,1400.0,
1894,2026-04-18, warangal,Multivitamin Tablets,Wellness,2,500.0,1000.0,250.0
1895,2026-05-19,Warangal,Chyawanprash,Ayurveda,1,780.0,780.0,156.0
1896,2026-06-20, warangal,Moisturizer,Personal Care,5,132.0,660.0,145.2
1897,2026-04-21,Vijayawada,Blood Pressure Monitor,Medical Devices,2,500.0,1000.0,160.0
1898,2026-05-22,VIJAYAWADA,Baby Shampoo,Baby Care,4,255.0,1020.0,
1899,2026-06-23,Vijayawada,Blood Pressure Monitor,Medical Devices,5,180.0,900.0,144.0
1900,2026-04-24,Vizag,Chyawanprash,Ayurveda,4,250.0,1000.0,
1901,2026-05-25,Visakhapatnam,Paracetamol 500mg,Medicines,3,126.67,380.0,53.2
1902,2026-06-26,Vizag,Azithromycin 500mg,Medicines,1,760.0,760.0,
1903,2026-04-27,Guntur,Baby Shampoo,Baby Care,5,200.0,1000.0,180.0
1904,2026-05-28,GUNTUR,Digital Thermometer,Medical Devices,1,2221.9,2221.9,355.5
1905,2026-06-01,Guntur,Moisturizer,Personal Care,3,532.17,1596.5,351.23
1906,2026-04-02, nellore,Cetirizine 10mg,Medicines,3,333.33,1000.0,140.0
1907,2026-05-03,Nellore,Glucometer,Medical Devices,3,353.33,1060.0,169.6
1908,2026-06-04, nellore,Baby Lotion,Baby Care,5,220.0,1100.0,198.0
1909,2026-04-05,Tirupati,Azithromycin 500mg,Medicines,2,500.0,1000.0,140.0
1910,2026-05-06,Tirupati,Moisturizer,Personal Care,4,417.5,1670.0,367.4
1911,2026-06-07,Tirupati,Azithromycin 500mg,Medicines,4,347.5,1390.0,194.6
1912,2026-04-08,Karimnagar,Triphala Tablets,Ayurveda,2,500.0,1000.0,200.0
1913,2026-05-09,Karimnagar,Baby Shampoo,Baby Care,1,1240.0,1240.0,223.2
1914,2026-06-10,Karimnagar,Azithromycin 500mg,Medicines,2,345.0,690.0,
1915,2026-04-11,Bengaluru,Moisturizer,Personal Care,4,250.0,1000.0,220.0
1916,2026-05-12,Bangalore,Cetirizine 10mg,Medicines,5,170.0,850.0,119.0
1917,2026-06-13,Bengaluru,Shampoo,Personal Care,4,210.0,840.0,184.8
1918,2026-04-14,HYDERABAD,Moisturizer,Personal Care,3,333.33,1000.0,220.0
1919,2026-05-15,Hyderabad,Baby Lotion,Baby Care,2,580.0,1160.0,208.8
1920,2026-06-16,HYDERABAD,Triphala Tablets,Ayurveda,5,280.0,1400.0,280.0
1921,2026-04-17,Warangal,Blood Pressure Monitor,Medical Devices,5,200.0,1000.0,160.0
1922,2026-05-18, warangal,Digital Thermometer,Medical Devices,4,195.0,780.0,124.8
1923,2026-06-19,Warangal,Azithromycin 500mg,Medicines,2,330.0,660.0,92.4
1924,2026-04-20,VIJAYAWADA,Blood Pressure Monitor,Medical Devices,3,333.33,1000.0,160.0
1925,2026-05-21,Vijayawada,Shampoo,Personal Care,4,255.0,1020.0,224.4
1926,2026-06-22,VIJAYAWADA,Azithromycin 500mg,Medicines,3,300.0,900.0,126.0
1927,2026-04-23,Visakhapatnam,Ashwagandha Capsules,Ayurveda,3,333.33,1000.0,200.0
1928,2026-05-24,Vizag,Multivitamin Tablets,Wellness,3,126.67,380.0,95.0
1929,2026-06-25,Visakhapatnam,Paracetamol 500mg,Medicines,5,152.0,760.0,106.4
1930,2026-04-26,GUNTUR,Cetirizine 10mg,Medicines,5,200.0,1000.0,140.0
1931,2026-05-27,Guntur,Multivitamin Tablets,Wellness,1,2221.9,2221.9,555.48
1932,2026-06-28,GUNTUR,Ashwagandha Capsules,Ayurveda,2,798.25,1596.5,319.3
1933,2026-04-01,Nellore,Moisturizer,Personal Care,5,200.0,1000.0,220.0
1934,2026-05-02, nellore,Shampoo,Personal Care,2,530.0,1060.0,233.2
1935,2026-06-03,Nellore,Face Wash,Personal Care,1,1100.0,1100.0,242.0
1936,2026-04-04,Tirupati,Baby Diapers,Baby Care,1,1000.0,1000.0,180.0
1937,2026-05-05,Tirupati,Ashwagandha Capsules,Ayurveda,1,1670.0,1670.0,334.0
1938,2026-06-06,Tirupati,Azithromycin 500mg,Medicines,3,463.33,1390.0,
1939,2026-04-07,Karimnagar,Ashwagandha Capsules,Ayurveda,3,333.33,1000.0,200.0
1940,2026-05-08,Karimnagar,Ashwagandha Capsules,Ayurveda,1,1240.0,1240.0,248.0
1941,2026-06-09,Karimnagar,Digital Thermometer,Medical Devices,4,172.5,690.0,110.4
1942,2026-04-10,Bangalore,Chyawanprash,Ayurveda,2,500.0,1000.0,200.0
1943,2026-05-11,Bengaluru,Face Wash,Personal Care,3,283.33,850.0,187.0
1944,2026-06-12,Bangalore,Chyawanprash,Ayurveda,3,280.0,840.0,168.0
1945,2026-04-13,Hyderabad,Paracetamol 500mg,Medicines,5,200.0,1000.0,140.0
1946,2026-05-14,HYDERABAD,Baby Diapers,Baby Care,3,386.67,1160.0,208.8
1947,2026-06-15,Hyderabad,Moisturizer,Personal Care,2,700.0,1400.0,308.0
1948,2026-04-16, warangal,Paracetamol 500mg,Medicines,3,333.33,1000.0,140.0
1949,2026-05-17,Warangal,Paracetamol 500mg,Medicines,3,260.0,780.0,109.2
1950,2026-06-18, warangal,Vitamin C Tablets,Wellness,1,660.0,660.0,165.0
1951,2026-04-19,Vijayawada,Triphala Tablets,Ayurveda,4,250.0,1000.0,200.0
1952,2026-05-20,VIJAYAWADA,Baby Lotion,Baby Care,3,340.0,1020.0,183.6
1953,2026-06-21,Vijayawada,Moisturizer,Personal Care,5,180.0,900.0,198.0
1954,2026-04-22,Vizag,Vitamin C Tablets,Wellness,4,250.0,1000.0,250.0
1955,2026-05-23,Visakhapatnam,Baby Diapers,Baby Care,1,380.0,380.0,68.4
1956,2026-06-24,Vizag,Moisturizer,Personal Care,1,760.0,760.0,167.2
1957,2026-04-25,Guntur,Shampoo,Personal Care,4,250.0,1000.0,220.0
1958,2026-05-26,GUNTUR,Ashwagandha Capsules,Ayurveda,5,444.38,2221.9,444.38
1959,2026-06-27,Guntur,Moisturizer,Personal Care,4,399.12,1596.5,351.23
1960,2026-04-28, nellore,Moisturizer,Personal Care,4,250.0,1000.0,220.0
1961,2026-05-01,Nellore,Azithromycin 500mg,Medicines,1,1060.0,1060.0,148.4
1962,2026-06-02, nellore,Cetirizine 10mg,Medicines,4,275.0,1100.0,154.0
1963,2026-04-03,Tirupati,Ashwagandha Capsules,Ayurveda,3,333.33,1000.0,200.0
1964,2026-05-04,Tirupati,Baby Shampoo,Baby Care,4,417.5,1670.0,300.6
1965,2026-06-05,Tirupati,Protein Powder,Wellness,1,1390.0,1390.0,347.5
1966,2026-04-06,Karimnagar,Moisturizer,Personal Care,2,500.0,1000.0,220.0
1967,2026-05-07,Karimnagar,Moisturizer,Personal Care,3,413.33,1240.0,272.8
1968,2026-06-08,Karimnagar,Ashwagandha Capsules,Ayurveda,5,138.0,690.0,138.0
1969,2026-04-09,Bengaluru,Azithromycin 500mg,Medicines,5,200.0,1000.0,140.0
1970,2026-05-10,Bangalore,Cetirizine 10mg,Medicines,4,212.5,850.0,119.0
1971,2026-06-11,Bengaluru,Baby Lotion,Baby Care,4,210.0,840.0,151.2
1972,2026-04-12,HYDERABAD,Moisturizer,Personal Care,1,1000.0,1000.0,220.0
1973,2026-05-13,Hyderabad,Triphala Tablets,Ayurveda,3,386.67,1160.0,232.0
1974,2026-06-14,HYDERABAD,Face Wash,Personal Care,3,466.67,1400.0,308.0
1975,2026-04-15,Warangal,Multivitamin Tablets,Wellness,3,333.33,1000.0,250.0
1976,2026-05-16, warangal,Triphala Tablets,Ayurveda,4,195.0,780.0,156.0
1977,2026-06-17,Warangal,Paracetamol 500mg,Medicines,5,132.0,660.0,
1978,2026-04-18,VIJAYAWADA,Paracetamol 500mg,Medicines,2,500.0,1000.0,140.0
1979,2026-05-19,Vijayawada,Moisturizer,Personal Care,2,510.0,1020.0,224.4
1980,2026-06-20,VIJAYAWADA,Baby Diapers,Baby Care,2,450.0,900.0,162.0
1981,2026-04-21,Visakhapatnam,Baby Shampoo,Baby Care,3,333.33,1000.0,180.0
1982,2026-05-22,Vizag,Digital Thermometer,Medical Devices,3,126.67,380.0,60.8
1983,2026-06-23,Visakhapatnam,Paracetamol 500mg,Medicines,3,253.33,760.0,106.4
1984,2026-04-24,GUNTUR,Baby Shampoo,Baby Care,2,500.0,1000.0,180.0
1985,2026-05-25,Guntur,Baby Shampoo,Baby Care,3,740.63,2221.9,399.94
1986,2026-06-26,GUNTUR,Shampoo,Personal Care,3,532.17,1596.5,351.23
1987,2026-04-27,Nellore,Baby Lotion,Baby Care,1,1000.0,1000.0,180.0
1988,2026-05-28, nellore,Moisturizer,Personal Care,1,1060.0,1060.0,233.2
1989,2026-06-01,Nellore,Face Wash,Personal Care,3,366.67,1100.0,242.0
1990,2026-04-02,Tirupati,Face Wash,Personal Care,2,500.0,1000.0,220.0
1991,2026-05-03,Tirupati,Baby Shampoo,Baby Care,2,835.0,1670.0,300.6
1992,2026-06-04,Tirupati,Moisturizer,Personal Care,1,1390.0,1390.0,305.8
1993,2026-04-05,Karimnagar,Vitamin C Tablets,Wellness,3,333.33,1000.0,250.0
1994,2026-05-06,Karimnagar,Multivitamin Tablets,Wellness,4,310.0,1240.0,310.0
1995,2026-06-07,Karimnagar,Multivitamin Tablets,Wellness,2,345.0,690.0,172.5
1996,2026-04-08,Bangalore,Baby Diapers,Baby Care,5,200.0,1000.0,
1997,2026-05-09,Bengaluru,Shampoo,Personal Care,2,425.0,850.0,187.0
1998,2026-06-10,Bangalore,Moisturizer,Personal Care,5,168.0,840.0,184.8
1999,2026-04-11,Hyderabad,Baby Lotion,Baby Care,4,250.0,1000.0,180.0
2000,2026-05-12,HYDERABAD,Ashwagandha Capsules,,3,386.67,1160.0,232.0
2001,2026-06-13,Hyderabad,Triphala Tablets,Ayurveda,3,466.67,1400.0,
2002,2026-04-14, warangal,Azithromycin 500mg,Medicines,1,1000.0,1000.0,140.0
2003,2026-05-15,Warangal,Moisturizer,Personal Care,2,390.0,780.0,171.6
2004,2026-06-16, warangal,Triphala Tablets,Ayurveda,2,330.0,660.0,132.0
2005,2026-04-17,Vijayawada,Shampoo,Personal Care,2,500.0,1000.0,220.0
2006,2026-05-18,VIJAYAWADA,Triphala Tablets,,3,340.0,1020.0,204.0
2007,2026-06-19,Vijayawada,Chyawanprash,Ayurveda,1,900.0,900.0,
2008,2026-04-20,Vizag,Glucometer,Medical Devices,2,500.0,1000.0,160.0
2009,2026-05-21,Visakhapatnam,Paracetamol 500mg,Medicines,3,126.67,380.0,
2010,2026-06-22,Vizag,Digital Thermometer,Medical Devices,3,253.33,760.0,121.6
2011,2026-04-23,Guntur,Moisturizer,Personal Care,2,500.0,1000.0,220.0
2012,2026-05-24,GUNTUR,Azithromycin 500mg,,2,1110.95,2221.9,
2013,2026-06-25,Guntur,Multivitamin Tablets,Wellness,5,319.3,1596.5,399.12
2014,2026-04-26, nellore,Paracetamol 500mg,Medicines,5,200.0,1000.0,140.0
2015,2026-05-27,Nellore,Multivitamin Tablets,Wellness,3,353.33,1060.0,265.0
2016,2026-06-28, nellore,Baby Shampoo,Baby Care,4,275.0,1100.0,
2017,2026-04-01,Tirupati,Azithromycin 500mg,Medicines,5,200.0,1000.0,140.0
2018,2026-05-02,Tirupati,Vitamin C Tablets,Wellness,3,556.67,1670.0,417.5
2019,2026-06-03,Tirupati,Baby Shampoo,Baby Care,2,695.0,1390.0,250.2
2020,2026-04-04,Karimnagar,Baby Diapers,Baby Care,5,200.0,1000.0,180.0
2021,2026-05-05,Karimnagar,Baby Lotion,Baby Care,5,248.0,1240.0,223.2
2022,2026-06-06,Karimnagar,Paracetamol 500mg,Medicines,5,138.0,690.0,96.6
2023,2026-04-07,Bengaluru,Vitamin C Tablets,Wellness,1,1000.0,1000.0,250.0
2024,2026-05-08,Bangalore,Digital Thermometer,Medical Devices,3,283.33,850.0,136.0
2025,2026-06-09,Bengaluru,Vitamin C Tablets,Wellness,1,840.0,840.0,210.0
2026,2026-04-10,HYDERABAD,Baby Diapers,Baby Care,2,500.0,1000.0,180.0
2027,2026-05-11,Hyderabad,Paracetamol 500mg,Medicines,4,290.0,1160.0,162.4
2028,2026-06-12,HYDERABAD,Digital Thermometer,Medical Devices,3,466.67,1400.0,224.0
2029,2026-04-13,Warangal,Baby Lotion,Baby Care,4,250.0,1000.0,180.0
2030,2026-05-14, warangal,Baby Shampoo,Baby Care,4,195.0,780.0,140.4
2031,2026-06-15,Warangal,Azithromycin 500mg,Medicines,3,220.0,660.0,92.4
2032,2026-04-16,VIJAYAWADA,Triphala Tablets,Ayurveda,5,200.0,1000.0,200.0
2033,2026-05-17,Vijayawada,Digital Thermometer,Medical Devices,1,1020.0,1020.0,163.2
2034,2026-06-18,VIJAYAWADA,Ashwagandha Capsules,Ayurveda,5,180.0,900.0,180.0
2035,2026-04-19,Visakhapatnam,Baby Shampoo,Baby Care,1,1000.0,1000.0,180.0
2036,2026-05-20,Vizag,Baby Shampoo,Baby Care,1,380.0,380.0,68.4
2037,2026-06-21,Visakhapatnam,Vitamin C Tablets,Wellness,4,190.0,760.0,190.0
2038,2026-04-22,GUNTUR,Azithromycin 500mg,Medicines,4,250.0,1000.0,140.0
2039,2026-05-23,Guntur,Protein Powder,Wellness,3,740.63,2221.9,555.48
2040,2026-06-24,GUNTUR,Shampoo,,4,399.12,1596.5,351.23
2041,2026-04-25,Nellore,Triphala Tablets,Ayurveda,1,1000.0,1000.0,200.0
2042,2026-05-26, nellore,Ashwagandha Capsules,Ayurveda,2,530.0,1060.0,212.0
2043,2026-06-27,Nellore,Protein Powder,Wellness,2,550.0,1100.0,275.0
2044,2026-04-28,Tirupati,Face Wash,Personal Care,4,250.0,1000.0,220.0
2045,2026-05-01,Tirupati,Face Wash,Personal Care,4,417.5,1670.0,367.4
2046,2026-06-02,Tirupati,Multivitamin Tablets,Wellness,5,278.0,1390.0,347.5
2047,2026-04-03,Karimnagar,Face Wash,Personal Care,1,1000.0,1000.0,220.0
2048,2026-05-04,Karimnagar,Multivitamin Tablets,Wellness,1,1240.0,1240.0,310.0
2049,2026-06-05,Karimnagar,Digital Thermometer,Medical Devices,1,690.0,690.0,110.4
2050,2026-04-06,Bangalore,Moisturizer,Personal Care,1,1000.0,1000.0,220.0
2051,2026-05-07,Bengaluru,Baby Lotion,Baby Care,2,425.0,850.0,153.0
2052,2026-06-08,Bangalore,Face Wash,Personal Care,1,840.0,840.0,184.8
2053,2026-04-09,Hyderabad,Face Wash,Personal Care,3,333.33,1000.0,220.0
2054,2026-05-10,HYDERABAD,Protein Powder,Wellness,3,386.67,1160.0,290.0
2055,2026-06-11,Hyderabad,Vitamin C Tablets,Wellness,3,466.67,1400.0,350.0
2056,2026-04-12, warangal,Ashwagandha Capsules,Ayurveda,1,1000.0,1000.0,
2057,2026-05-13,Warangal,Chyawanprash,Ayurveda,1,780.0,780.0,156.0
2058,2026-06-14, warangal,Digital Thermometer,Medical Devices,3,220.0,660.0,105.6
2059,2026-04-15,Vijayawada,Glucometer,Medical Devices,2,500.0,1000.0,160.0
2060,2026-05-16,VIJAYAWADA,Baby Lotion,Baby Care,1,1020.0,1020.0,183.6
2061,2026-06-17,Vijayawada,Chyawanprash,Ayurveda,4,225.0,900.0,180.0
2062,2026-04-18,Vizag,Baby Shampoo,Baby Care,2,500.0,1000.0,180.0
2063,2026-05-19,Visakhapatnam,Moisturizer,Personal Care,5,76.0,380.0,83.6
2064,2026-06-20,Vizag,Triphala Tablets,Ayurveda,3,253.33,760.0,152.0
2065,2026-04-21,Guntur,Baby Shampoo,Baby Care,3,333.33,1000.0,180.0
2066,2026-05-22,GUNTUR,Blood Pressure Monitor,Medical Devices,3,740.63,2221.9,355.5
2067,2026-06-23,Guntur,Baby Lotion,Baby Care,4,399.12,1596.5,287.37
2068,2026-04-24, nellore,Paracetamol 500mg,Medicines,3,333.33,1000.0,140.0
2069,2026-05-25,Nellore,Paracetamol 500mg,Medicines,1,1060.0,1060.0,148.4
2070,2026-06-26, nellore,Blood Pressure Monitor,Medical Devices,2,550.0,1100.0,176.0
2071,2026-04-27,Tirupati,Paracetamol 500mg,Medicines,1,1000.0,1000.0,140.0
2072,2026-05-28,Tirupati,Baby Diapers,Baby Care,5,334.0,1670.0,300.6
2073,2026-06-01,Tirupati,Face Wash,Personal Care,3,463.33,1390.0,305.8
2074,2026-04-02,Karimnagar,Face Wash,Personal Care,2,500.0,1000.0,220.0
2075,2026-05-03,Karimnagar,Baby Lotion,Baby Care,2,620.0,1240.0,
2076,2026-06-04,Karimnagar,Protein Powder,Wellness,1,690.0,690.0,172.5
2077,2026-04-05,Bengaluru,Cetirizine 10mg,Medicines,4,250.0,1000.0,140.0
2078,2026-05-06,Bangalore,Triphala Tablets,Ayurveda,2,425.0,850.0,170.0
2079,2026-06-07,Bengaluru,Shampoo,Personal Care,4,210.0,840.0,184.8
2080,2026-04-08,HYDERABAD,Baby Lotion,Baby Care,2,500.0,1000.0,180.0
2081,2026-05-09,Hyderabad,Blood Pressure Monitor,Medical Devices,5,232.0,1160.0,185.6
2082,2026-06-10,HYDERABAD,Glucometer,,4,350.0,1400.0,224.0
2083,2026-04-11,Warangal,Vitamin C Tablets,,5,200.0,1000.0,250.0
2084,2026-05-12, warangal,Azithromycin 500mg,Medicines,4,195.0,780.0,109.2
2085,2026-06-13,Warangal,Blood Pressure Monitor,Medical Devices,1,660.0,660.0,105.6
2086,2026-04-14,VIJAYAWADA,Baby Lotion,Baby Care,3,333.33,1000.0,180.0
2087,2026-05-15,Vijayawada,Moisturizer,Personal Care,1,1020.0,1020.0,224.4
2088,2026-06-16,VIJAYAWADA,Ashwagandha Capsules,Ayurveda,4,225.0,900.0,180.0
2089,2026-04-17,Visakhapatnam,Baby Shampoo,Baby Care,1,1000.0,1000.0,180.0
2090,2026-05-18,Vizag,Blood Pressure Monitor,Medical Devices,3,126.67,380.0,60.8
2091,2026-06-19,Visakhapatnam,Multivitamin Tablets,Wellness,4,190.0,760.0,190.0
2092,2026-04-20,GUNTUR,Shampoo,Personal Care,5,200.0,1000.0,220.0
2093,2026-05-21,Guntur,Protein Powder,Wellness,3,740.63,2221.9,555.48
2094,2026-06-22,GUNTUR,Ashwagandha Capsules,Ayurveda,4,399.12,1596.5,319.3
2095,2026-04-23,Nellore,Digital Thermometer,Medical Devices,4,250.0,1000.0,160.0
2096,2026-05-24, nellore,Glucometer,Medical Devices,4,265.0,1060.0,169.6
2097,2026-06-25,Nellore,Baby Lotion,Baby Care,3,366.67,1100.0,198.0
2098,2026-04-26,Tirupati,Baby Shampoo,Baby Care,5,200.0,1000.0,
2099,2026-05-27,Tirupati,Chyawanprash,Ayurveda,1,1670.0,1670.0,334.0
2100,2026-06-28,Tirupati,Paracetamol 500mg,Medicines,2,695.0,1390.0,194.6
1522,2026-04-10,Vizag,Glucometer,Medical Devices,3,333.33,1000.0,160.0
2053,2026-04-09,Hyderabad,Face Wash,Personal Care,3,333.33,1000.0,220.0
2079,2026-06-07,Bengaluru,Shampoo,Personal Care,4,210.0,840.0,184.8
1222,2026-04-18,VIJAYAWADA,Multivitamin Tablets,Wellness,4,250.0,1000.0,250.0
955,2026-04-03,Visakhapatnam,Triphala Tablets,Ayurveda,2,500.0,1000.0,200.0
1232,2026-05-28, nellore,Moisturizer,Personal Care,5,212.0,1060.0,233.2
1630,2026-04-06,Vizag,Vitamin C Tablets,Wellness,1,1000.0,1000.0,250.0
1626,2026-06-02, warangal,Paracetamol 500mg,Medicines,1,660.0,660.0,92.4
1240,2026-04-08,Bangalore,Face Wash,Personal Care,3,333.33,1000.0,220.0
18,2026-06-18, nellore,Vitamin C Tablets,Wellness,3,366.67,1100.0,275.0
1157,2026-05-09,Karimnagar,Baby Lotion,Baby Care,1,1240.0,1240.0,223.2
1862,2026-05-14,Bangalore,Multivitamin Tablets,Wellness,1,850.0,850.0,212.5
272,2026-05-20,HYDERABAD,Baby Shampoo,Baby Care,2,580.0,1160.0,208.8
1122,2026-06-02,GUNTUR,Cetirizine 10mg,Medicines,3,532.17,1596.5,223.51
323,2026-05-15,Bengaluru,Protein Powder,Wellness,3,283.33,850.0,212.5
1498,2026-04-14,GUNTUR,Shampoo,Personal Care,5,200.0,1000.0,220.0
1880,2026-05-04, nellore,Ashwagandha Capsules,Ayurveda,5,212.0,1060.0,212.0
1680,2026-06-28, warangal,Multivitamin Tablets,Wellness,2,330.0,660.0,165.0
1446,2026-06-18,GUNTUR,Digital Thermometer,Medical Devices,5,319.3,1596.5,255.44
1875,2026-06-27,Visakhapatnam,Digital Thermometer,Medical Devices,5,152.0,760.0,121.6
696,2026-06-24,Tirupati,Chyawanprash,Ayurveda,2,695.0,1390.0,278.0
1528,2026-04-16, nellore,Vitamin C Tablets,Wellness,5,200.0,1000.0,250.0
177,2026-06-09,Guntur,Blood Pressure Monitor,Medical Devices,2,798.25,1596.5,255.44
1527,2026-06-15,Guntur,Protein Powder,Wellness,4,399.12,1596.5,399.12
2035,2026-04-19,Visakhapatnam,Baby Shampoo,Baby Care,1,1000.0,1000.0,180.0
1166,2026-05-18, warangal,Triphala Tablets,Ayurveda,4,195.0,780.0,156.0
566,2026-05-06,Bangalore,Triphala Tablets,Ayurveda,4,212.5,850.0,170.0
2065,2026-04-21,Guntur,Baby Shampoo,Baby Care,3,333.33,1000.0,180.0
1108,2026-04-16,HYDERABAD,Multivitamin Tablets,Wellness,3,333.33,1000.0,250.0
1967,2026-05-07,Karimnagar,Moisturizer,Personal Care,3,413.33,1240.0,272.8
334,2026-04-26,Vizag,Protein Powder,Wellness,2,500.0,1000.0,250.0
65,2026-05-09,Visakhapatnam,Glucometer,Medical Devices,5,76.0,380.0,60.8
725,2026-05-25,Karimnagar,Multivitamin Tablets,Wellness,3,413.33,1240.0,310.0
1059,2026-06-23,Warangal,Baby Diapers,Baby Care,2,330.0,660.0,118.8
382,2026-04-18, warangal,Digital Thermometer,Medical Devices,4,250.0,1000.0,160.0
1111,2026-04-19,Warangal,Protein Powder,Wellness,1,1000.0,1000.0,250.0
1417,2026-04-17,Guntur,Moisturizer,Personal Care,1,1000.0,1000.0,220.0
1033,2026-04-25,Vijayawada,Digital Thermometer,Medical Devices,5,200.0,1000.0,160.0
1017,2026-06-09,Nellore,Baby Lotion,Baby Care,5,220.0,1100.0,198.0
1061,2026-05-25,Vijayawada,Digital Thermometer,Medical Devices,4,255.0,1020.0,163.2
167,2026-05-27,Warangal,Multivitamin Tablets,Wellness,2,390.0,780.0,195.0
61,2026-04-05,Vijayawada,Face Wash,Personal Care,2,500.0,1000.0,220.0
28,2026-04-28,HYDERABAD,Triphala Tablets,Ayurveda,3,333.33,1000.0,200.0
400,2026-04-08,Karimnagar,Ashwagandha Capsules,Ayurveda,2,500.0,1000.0,200.0
1885,2026-04-09,Karimnagar,Chyawanprash,Ayurveda,4,250.0,1000.0,200.0
1608,2026-06-12,GUNTUR,Glucometer,Medical Devices,2,798.25,1596.5,255.44
118,2026-04-06,Vizag,Glucometer,Medical Devices,1,1000.0,1000.0,160.0
1047,2026-06-11,Tirupati,Digital Thermometer,Medical Devices,4,347.5,1390.0,222.4
1183,2026-04-07,Karimnagar,Shampoo,Personal Care,1,1000.0,1000.0,220.0
63,2026-06-07,Vijayawada,Glucometer,Medical Devices,1,900.0,900.0,144.0
867,2026-06-27,Hyderabad,Multivitamin Tablets,Wellness,1,1400.0,1400.0,350.0
1570,2026-04-02, warangal,Cetirizine 10mg,Medicines,2,500.0,1000.0,140.0
2036,2026-05-20,Vizag,Baby Shampoo,Baby Care,1,380.0,380.0,68.4
860,2026-05-20,Karimnagar,Protein Powder,Wellness,5,248.0,1240.0,310.0
1182,2026-06-06,Tirupati,Cetirizine 10mg,Medicines,2,695.0,1390.0,194.6
1372,2026-04-28,Karimnagar,Cetirizine 10mg,Medicines,5,200.0,1000.0,140.0
404,2026-05-12,Bangalore,Blood Pressure Monitor,Medical Devices,5,170.0,850.0,136.0
1340,2026-05-24, nellore,Multivitamin Tablets,Wellness,2,530.0,1060.0,265.0
1882,2026-04-06,Tirupati,Azithromycin 500mg,Medicines,1,1000.0,1000.0,140.0
